Handle,Title,Body (HTML),Vendor,Product Category,Type,Tags,Published,Option1 Name,Option1 Value,Option1 Linked To,Option2 Name,Option2 Value,Option2 Linked To,Option3 Name,Option3 Value,Option3 Linked To,Variant SKU,Variant Grams,Variant Inventory Tracker,Variant Inventory Qty,Variant Inventory Policy,Variant Fulfillment Service,Variant Price,Variant Compare At Price,Variant Requires Shipping,Variant Taxable,Unit Price Total Measure,Unit Price Total Measure Unit,Unit Price Base Measure,Unit Price Base Measure Unit,Variant Barcode,Image Src,Image Position,Image Alt Text,Gift Card,SEO Title,SEO Description,Product rating count (product.metafields.reviews.rating_count),Age group (product.metafields.shopify.age-group),Bracelet design (product.metafields.shopify.bracelet-design),Color (product.metafields.shopify.color-pattern),Earring design (product.metafields.shopify.earring-design),Jewelry material (product.metafields.shopify.jewelry-material),Jewelry type (product.metafields.shopify.jewelry-type),Necklace design (product.metafields.shopify.necklace-design),Target gender (product.metafields.shopify.target-gender),Complementary products (product.metafields.shopify--discovery--product_recommendation.complementary_products),Related products (product.metafields.shopify--discovery--product_recommendation.related_products),Related products settings (product.metafields.shopify--discovery--product_recommendation.related_products_display),Search product boosts (product.metafields.shopify--discovery--product_search_boost.queries),Variant Image,Variant Weight Unit,Variant Tax Code,Cost per item,Status
lover-heart-necklace,Lover Heart Necklace,"<p>Meet the <strong>Lover Heart Necklace</strong> — a delicate little reminder to wear your heart out loud. 💛</p>
<p>Designed with <strong>three beautiful heart details and sparkling stone accents</strong>, this dainty gold necklace adds just the right amount of romance and shine to your everyday look. Minimal enough for daily wear yet elegant enough for date nights, brunches, parties and gifting, it's the kind of piece you'll keep reaching for.</p>
<p>Crafted in <strong>premium stainless steel with a beautiful gold finish</strong>, the Lover Heart Necklace is designed for long-lasting wear and is <strong>anti-tarnish, waterproof and hypoallergenic</strong>.</p>
<h3></h3>",House of Yeashi,Apparel & Accessories > Jewelry > Necklaces,"",Necklace,true,Title,Default Title,,,,,,,,,0.0,shopify,2,deny,manual,450.00,,true,true,,,,,,https://cdn.shopify.com/s/files/1/0982/4505/0690/files/IMG-3447.png?v=1786951535,1,"",false,,,,,,,,,,,,,,,,,kg,,,active
lover-heart-necklace,,,,,,,,,,,,,,,,,,,,,,,,,,,,,,,,https://cdn.shopify.com/s/files/1/0982/4505/0690/files/IMG-3446.png?v=1786951535,2,"",,,,,,,,,,,,,,,,,,,,,
untitled-aug17_12-42-17,Untitled Aug17_12:42:17,,House of Yeashi,,"","",false,Title,Default Title,,,,,,,,,0.0,shopify,0,deny,manual,0.00,,true,true,,,,,,,,,false,,,,,,,,,,,,,,,,,kg,,,draft
seraphina-braid-watch-stainless-steel-18k-gold-plated,Seraphina Braid Watch| Stainless Steel| 18k gold plated,"<ul data-start=""1088"" data-end=""1406"">
<li data-start=""1088"" data-end=""1120"">✨ Premium 18K Gold PVD Plating</li>
<li data-start=""1121"" data-end=""1153"">⌚ Elegant teardrop-shaped dial</li>
<li data-start=""1154"" data-end=""1190"">💛 Intricate woven bracelet design</li>
<li data-start=""1191"" data-end=""1232"">🌿 Premium stainless steel construction</li>
<li data-start=""1233"" data-end=""1254"">💧 Splash resistant</li>
<li data-start=""1255"" data-end=""1324"">👗 Perfect for everyday wear, parties, weddings &amp; festive occasions</li>
<li data-start=""1325"" data-end=""1406"">🎁 Ideal gift for birthdays, anniversaries, Valentine's Day &amp; special occasions</li>
</ul>",House of Yeashi,Apparel & Accessories > Jewelry > Watches,Watch,Watch,true,Title,Default Title,,,,,,,,,0.0,shopify,1,deny,manual,950.00,,true,true,,,,,,https://cdn.shopify.com/s/files/1/0982/4505/0690/files/151436AF-7D05-4EE8-B1E7-D69D33423705.jpg?v=1786028044,1,"",false,,,,,,,,,,,,,,,,,kg,,,active
seraphina-braid-watch-stainless-steel-18k-gold-plated,,,,,,,,,,,,,,,,,,,,,,,,,,,,,,,,https://cdn.shopify.com/s/files/1/0982/4505/0690/files/B2B69D0D-AEE8-4B99-8E93-35F99ECE1DF0.gif?v=1786028045,2,"",,,,,,,,,,,,,,,,,,,,,
aurea-woven-luxe-watch-18k-gold-plated-stainless-steel-womens-bracelet-watch,Auréa Woven Luxe Watch – 18K Gold Plated Stainless Steel Women's Bracelet Watch,"<ul data-start=""1088"" data-end=""1406"">
<li data-start=""1088"" data-end=""1120"">✨ Premium 18K Gold PVD Plating</li>
<li data-start=""1121"" data-end=""1153"">⌚ Elegant teardrop-shaped dial</li>
<li data-start=""1154"" data-end=""1190"">💛 Intricate woven bracelet design</li>
<li data-start=""1191"" data-end=""1232"">🌿 Premium stainless steel construction</li>
<li data-start=""1233"" data-end=""1254"">💧 Splash resistant</li>
<li data-start=""1255"" data-end=""1324"">👗 Perfect for everyday wear, parties, weddings &amp; festive occasions</li>
<li data-start=""1325"" data-end=""1406"">🎁 Ideal gift for birthdays, anniversaries, Valentine's Day &amp; special occasions</li>
</ul>",House of Yeashi,Apparel & Accessories > Jewelry > Watches,Watch,Watch,true,Title,Default Title,,,,,,,,,0.0,shopify,1,deny,manual,950.00,,true,true,,,,,,https://cdn.shopify.com/s/files/1/0982/4505/0690/files/4C8048D4-A4CF-47C2-86C0-3554EDB10F8B.jpg?v=1786024217,1,"",false,,,,,,,,,,,,,,,,,kg,,,active
midnight-mesh-heart-bracelet-18k-gold-plated-anti-tarnish,Midnight Mesh Heart Bracelet| 18k gold plated| Anti Tarnish,"<p> </p>
<li data-start=""956"" data-end=""993"">❤️ Three elegant black heart charms</li>
<li data-start=""994"" data-end=""1026"">✨ Premium 18K Gold PVD Plating</li>
<li data-start=""1027"" data-end=""1060"">💧 Waterproof &amp; Sweat Resistant</li>
<li data-start=""1061"" data-end=""1084"">✨ Anti-Tarnish Finish</li>
<li data-start=""1085"" data-end=""1120"">🌿 Hypoallergenic &amp; Skin-Friendly</li>
<li data-start=""1121"" data-end=""1173"">🔗 Adjustable extender chain for a comfortable fit</li>
<li data-start=""1174"" data-end=""1238"">👗 Perfect for daily wear, office, parties &amp; special occasions</li>
<li data-start=""1239"" data-end=""1337"">🎁 A thoughtful gift for birthdays, anniversaries, Valentine's Day, Rakhi &amp; festive celebrations</li>
<p> </p>",House of Yeashi,Apparel & Accessories > Jewelry > Bracelets,Bracelet,bracelet,true,Title,Default Title,,,,,,,,,0.0,shopify,1,deny,manual,550.00,,true,true,,,,,,https://cdn.shopify.com/s/files/1/0982/4505/0690/files/IMG-2929.png?v=1786024130,1,"",false,,,,,,,,,,,,,,,,,kg,,,active
midnight-mesh-heart-bracelet-18k-gold-plated-anti-tarnish,,,,,,,,,,,,,,,,,,,,,,,,,,,,,,,,https://cdn.shopify.com/s/files/1/0982/4505/0690/files/IMG-2928.png?v=1786024130,2,"",,,,,,,,,,,,,,,,,,,,,
crystal-snake-chain-bracelet-18k-gold-plated-anti-tarnish,Crystal Snake Chain Bracelet| 18k gold plated| Anti Tarnish,"<ul data-start=""1035"" data-end=""1344"">
<li data-start=""1075"" data-end=""1108""><span>18K Gold PVD Plated Stainless Steel</span></li>
<li data-start=""1075"" data-end=""1108"">💧 Waterproof &amp; Sweat Resistant</li>
<li data-start=""1109"" data-end=""1132"">✨ Anti-Tarnish Finish</li>
<li data-start=""1133"" data-end=""1168"">🌿 Hypoallergenic &amp; Skin-Friendly</li>
<li data-start=""1169"" data-end=""1200"">💎 Crystal-Studded Bar Detail</li>
<li data-start=""1201"" data-end=""1255"">👗 Perfect for Daily Wear, Office, Parties &amp; Gifting</li>
<li data-start=""1256"" data-end=""1344"">🎁 Ideal gift for birthdays, anniversaries, Rakhi, Valentine's Day &amp; festive occasions</li>
</ul>
<h3 data-start=""1346"" data-end=""1366""></h3>",House of Yeashi,Apparel & Accessories > Jewelry > Bracelets,Bracelet,bracelet,true,Title,Default Title,,,,,,,,,0.0,shopify,2,deny,manual,600.00,,true,true,,,,,,https://cdn.shopify.com/s/files/1/0982/4505/0690/files/IMG-2923.png?v=1786023694,1,"",false,,,,,,d-golden,,,,,,,,,,,kg,,150.00,active
crystal-snake-chain-bracelet-18k-gold-plated-anti-tarnish,,,,,,,,,,,,,,,,,,,,,,,,,,,,,,,,https://cdn.shopify.com/s/files/1/0982/4505/0690/files/IMG-2925.png?v=1786023694,2,"",,,,,,,,,,,,,,,,,,,,,
celeste-double-chain-bracelet-anti-tarnish-18k-gold-plated,Celeste Double Chain Bracelet| Anti Tarnish| 18k gold Plated,"<ul data-start=""1141"" data-end=""1484"">
<li data-start=""1141"" data-end=""1175"">✨ Premium 18K Gold Plated Finish</li>
<li data-start=""1176"" data-end=""1209"">💧 Waterproof &amp; Sweat Resistant</li>
<li data-start=""1210"" data-end=""1245"">🛡️ Anti Tarnish &amp; Fade Resistant</li>
<li data-start=""1246"" data-end=""1281"">🌿 Hypoallergenic &amp; Skin Friendly</li>
<li data-start=""1282"" data-end=""1327"">💎 Sparkling High-Quality Crystal Detailing</li>
<li data-start=""1328"" data-end=""1360"">🔗 Elegant Double Chain Design</li>
<li data-start=""1361"" data-end=""1412"">📏 Adjustable Extension Chain for Comfortable Fit</li>
<li data-start=""1413"" data-end=""1484"">🎁 Ideal Gift for Birthdays, Anniversaries, Rakhi &amp; Special Occasions</li>
</ul>
<hr data-start=""1486"" data-end=""1489"">
<h3 data-start=""1491"" data-end=""1532""></h3>",House of Yeashi,Apparel & Accessories > Jewelry > Bracelets,Bracelet,bracelet,true,Title,Default Title,,,,,,,,,0.0,shopify,4,deny,manual,600.00,,true,true,,,,,,https://cdn.shopify.com/s/files/1/0982/4505/0690/files/IMG-2916.png?v=1786022329,1,"",false,,,,,,d-golden,,,,,,,,,,,kg,,140.00,active
celeste-double-chain-bracelet-anti-tarnish-18k-gold-plated,,,,,,,,,,,,,,,,,,,,,,,,,,,,,,,,https://cdn.shopify.com/s/files/1/0982/4505/0690/files/IMG-2918.png?v=1786022329,2,"",,,,,,,,,,,,,,,,,,,,,
green-crystal-tennis-bracelet-for-women-waterproof-anti-tarnish,Green Crystal Tennis Bracelet for Women | Waterproof Anti Tarnish,"<p data-start=""1295"" data-end=""1602"">• Premium Emerald Green Crystal Tennis Bracelet<br>• Anti Tarnish &amp; Waterproof<br>• Hypoallergenic &amp; Skin-Friendly<br>• Lightweight &amp; Comfortable for Everyday Wear<br>• Elegant Silver Finish<br>• Secure Clasp Closure<br>• Perfect for Parties, Weddings, Office &amp; Daily Styling<br>• Ideal Gift for Birthdays, Anniversaries &amp; Rakhi</p>
<p data-start=""1604"" data-end=""1722"">Pair it with your favourite watch, stack it with other bracelets, or wear it alone for an effortlessly luxurious look.</p>",House of Yeashi,Apparel & Accessories > Jewelry > Bracelets,Bracelet,bracelet,true,Title,Default Title,,,,,,,,,0.0,shopify,2,deny,manual,600.00,,true,true,,,,,,https://cdn.shopify.com/s/files/1/0982/4505/0690/files/IMG-2914.png?v=1786021047,1,"",false,,,,,,green,,,,,,,,,,,kg,,90.00,active
green-crystal-tennis-bracelet-for-women-waterproof-anti-tarnish,,,,,,,,,,,,,,,,,,,,,,,,,,,,,,,,https://cdn.shopify.com/s/files/1/0982/4505/0690/files/IMG-2913.png?v=1786021047,2,"",,,,,,,,,,,,,,,,,,,,,
golden-fringe-necklace,Golden Fringe Necklace,<p><span>Minimal | Anti-Tarnish | Waterproof | Everyday Wear</span></p>,House of Yeashi,Apparel & Accessories > Jewelry > Necklaces,Necklace,Necklace,true,Title,Default Title,,,,,,,,,0.0,shopify,3,deny,manual,500.00,,true,true,,,,,,https://cdn.shopify.com/s/files/1/0982/4505/0690/files/IMG-2804.png?v=1785916855,1,"",false,,,,,,d-golden; c-white,,stainless-steel; gold-plated,,,,,,,,,kg,,72.00,active
golden-fringe-necklace,,,,,,,,,,,,,,,,,,,,,,,,,,,,,,,,https://cdn.shopify.com/s/files/1/0982/4505/0690/files/IMG-2801.png?v=1785916855,2,"",,,,,,,,,,,,,,,,,,,,,
golden-fringe-necklace,,,,,,,,,,,,,,,,,,,,,,,,,,,,,,,,https://cdn.shopify.com/s/files/1/0982/4505/0690/files/B59DFC53-B46E-489B-8AAD-1E26EFD5C1DF.jpg?v=1785916835,3,"",,,,,,,,,,,,,,,,,,,,,
luna-heart-lariat-necklace,Luna Heart Lariat Necklace,"<p><span>Fall in love with effortless elegance. The Luna</span><strong data-start=""143"" data-end=""174""> Heart Lariat Necklace</strong><span> features delicate heart charms paired with a graceful drop design that beautifully elongates the neckline. Crafted with premium </span><strong data-start=""303"" data-end=""327"">18K PVD gold plating</strong><span>, it's waterproof, anti-tarnish, hypoallergenic, and made for everyday wear. Whether you're dressing up for brunch, date night, or a special occasion, this timeless piece adds just the right touch of romance.</span></p>",House of Yeashi,Apparel & Accessories > Jewelry > Necklaces,Jewellery,Necklace,true,Title,Default Title,,,,,,,,,0.0,shopify,1,deny,manual,500.00,550.00,true,true,,,,,,https://cdn.shopify.com/s/files/1/0982/4505/0690/files/IMG-2795.png?v=1785914733,1,"",false,,,,,,d-golden,,,,,,,,,,,kg,,,active
luna-heart-lariat-necklace,,,,,,,,,,,,,,,,,,,,,,,,,,,,,,,,https://cdn.shopify.com/s/files/1/0982/4505/0690/files/IMG-2796.png?v=1785914733,2,"",,,,,,,,,,,,,,,,,,,,,
sister-rakhi-hamper,Sister Rakhi Hamper,<p>A premium hamper to gift your sister this rakshabandhan </p>,House of Yeashi,,"","",true,Title,Default Title,,,,,,,,,0.0,shopify,5,deny,manual,1199.00,2100.00,true,true,,,,,,https://cdn.shopify.com/s/files/1/0982/4505/0690/files/A419C183-4D87-4281-80FC-A43A3BE051E8.png?v=1785835297,1,"",false,,,,,,,,,,,,,,,,,kg,,,active
sister-rakhi-hamper,,,,,,,,,,,,,,,,,,,,,,,,,,,,,,,,https://cdn.shopify.com/s/files/1/0982/4505/0690/files/5BD44E4C-DE52-42F7-B26E-6ABE0AED5C69.png?v=1785835274,2,"",,,,,,,,,,,,,,,,,,,,,
aurora-tennis-bracelet,Aurora Tennis Bracelet,"<p data-start=""456"" data-end=""724"">Delicate, colourful and effortlessly elegant—the bracelet  is designed to add a subtle pop of colour to every outfit. Featuring sparkling pastel-toned stones set in a sleek gold finish, this bracelet is perfect for both everyday wear and special occasions.</p>
<p data-start=""726"" data-end=""957"">Crafted from premium stainless steel with PVD gold plating, it is anti-tarnish, waterproof and made for long-lasting shine. Wear it alone for a minimal look or stack it with your favourite bracelets and watch for an elevated style.</p>",House of Yeashi,Apparel & Accessories > Jewelry > Bracelets,Bracelet,bracelet,true,Title,Default Title,,,,,,,,,0.0,shopify,2,deny,manual,750.00,,true,true,,,,,,https://cdn.shopify.com/s/files/1/0982/4505/0690/files/IMG-2257.png?v=1785231845,1,"",false,,,,,,,,gold-plated; stainless-steel,,,,,,,,,kg,,270.00,active
aurora-tennis-bracelet,,,,,,,,,,,,,,,,,,,,,,,,,,,,,,,,https://cdn.shopify.com/s/files/1/0982/4505/0690/files/IMG-2258.png?v=1785231845,2,"",,,,,,,,,,,,,,,,,,,,,
cotton-candy-tennis-bracelet,Cotton Candy Tennis Bracelet,"<p data-start=""456"" data-end=""724"">Delicate, colourful and effortlessly elegant—the bracelet is designed to add a subtle pop of colour to every outfit. Featuring sparkling pastel-toned stones set in a sleek gold finish, this bracelet is perfect for both everyday wear and special occasions.</p>
<p data-start=""726"" data-end=""957"">Crafted from premium stainless steel with PVD gold plating, it is anti-tarnish, waterproof and made for long-lasting shine. Wear it alone for a minimal look or stack it with your favourite bracelets and watch for an elevated style.</p>",House of Yeashi,Apparel & Accessories > Jewelry > Bracelets,Bracelet,bracelet,true,Title,Default Title,,,,,,,,,0.0,shopify,2,deny,manual,750.00,,true,true,,,,,,https://cdn.shopify.com/s/files/1/0982/4505/0690/files/IMG-2255.png?v=1785231273,1,"",false,,,,,,,,,,,,,,,,,kg,,270.00,active
cotton-candy-tennis-bracelet,,,,,,,,,,,,,,,,,,,,,,,,,,,,,,,,https://cdn.shopify.com/s/files/1/0982/4505/0690/files/IMG-2254.png?v=1785231273,2,"",,,,,,,,,,,,,,,,,,,,,
bhaiya-bhabhi-rakhi-hamper,Bhaiya Bhabhi Rakhi Hamper,"<h2 data-start=""0"" data-end=""29"">Bhaiya Bhabhi Rakhi Hamper</h2>
<p data-start=""31"" data-end=""322"">Celebrate the beautiful bond of Raksha Bandhan with our thoughtfully curated <strong data-start=""108"" data-end=""138"">Bhaiya Bhabhi Rakhi Hamper</strong>. Designed to make your Bhaiya and Bhabhi feel truly special, this hamper combines festive essentials with elegant anti-tarnish jewellery, beautifully packed in our signature gift box.</p>
<h3 data-start=""324"" data-end=""343"">What's Included</h3>
<ol data-start=""345"" data-end=""610"">
<li data-start=""345"" data-end=""391"">One Pair of Handmade Bhaiya-Bhabhi Rakhis</li>
<li data-start=""392"" data-end=""417"">One Roli &amp; Tikka Set</li>
<li data-start=""418"" data-end=""455"">One Anti-Tarnish Adjustable Ring</li>
<li data-start=""456"" data-end=""484"">One Trending Neck Chain</li>
<li data-start=""485"" data-end=""515"">One Regular-Size Bracelet</li>
<li data-start=""516"" data-end=""541"">One Pair of Earrings</li>
<li data-start=""542"" data-end=""579"">One Raksha Bandhan Greeting Card</li>
</ol>
<h3 data-start=""612"" data-end=""631"">Premium Quality</h3>
<p data-start=""633"" data-end=""900"">• All jewellery pieces are <strong data-start=""660"" data-end=""676"">anti-tarnish</strong> and <strong data-start=""681"" data-end=""695"">waterproof</strong>.<br data-start=""696"" data-end=""699"">• Crafted from premium-quality materials for long-lasting shine.<br data-start=""763"" data-end=""766"">• Skin-friendly and comfortable for everyday wear.<br data-start=""816"" data-end=""819"">• Every hamper is carefully handpicked and beautifully packed by House of Yeashi.</p>
<h3 data-start=""902"" data-end=""917"">Please Note</h3>
<p data-start=""919"" data-end=""1173"">• The products shown in the images are for reference only.<br data-start=""977"" data-end=""980"">• You may not receive the exact same jewellery designs as shown.<br data-start=""1044"" data-end=""1047"">• Every hamper is hand-curated using our bestselling, premium-quality pieces, ensuring you receive the best quality and value.</p>",House of Yeashi,,Rakshabandhan,Rakshabandhan,true,Title,Default Title,,,,,,,,,0.0,shopify,10,deny,manual,1099.00,1399.00,true,true,,,,,,https://cdn.shopify.com/s/files/1/0982/4505/0690/files/IMG-2200.png?v=1785070120,1,"",false,,,,,,,,,,,,,,,,,kg,,,active
celebration-rakhi-hamper,Celebration Rakhi Hamper,"<p data-start=""29"" data-end=""302"">Celebrate Raksha Bandhan with our thoughtfully curated <strong data-start=""84"" data-end=""112"">Celebration Rakhi Hamper</strong>, filled with premium anti-tarnish jewellery and trending accessories. Beautifully packed in a cute gift box with a small bow, this hamper is ready to make your loved one feel extra special.</p>
<h3 data-start=""304"" data-end=""323"">What's Included</h3>
<ol data-start=""325"" data-end=""548"">
<li data-start=""325"" data-end=""355"">One Clover Chain Bracelet</li>
<li data-start=""356"" data-end=""384"">One Trending Neck Chain</li>
<li data-start=""385"" data-end=""419"">One Trending Heart Neck Chain</li>
<li data-start=""420"" data-end=""446"">One Adjustable V Ring</li>
<li data-start=""447"" data-end=""472"">One Pair of Earrings</li>
<li data-start=""473"" data-end=""492"">Two Scrunchies</li>
<li data-start=""493"" data-end=""512"">Two Hair Clips</li>
<li data-start=""513"" data-end=""548"">One Raksha Bandhan Greeting Card</li>
</ol>
<h3 data-start=""550"" data-end=""569"">Premium Quality</h3>
<p data-start=""571"" data-end=""819"">• All jewellery pieces are <strong data-start=""598"" data-end=""614"">anti-tarnish</strong> and <strong data-start=""619"" data-end=""633"">waterproof</strong>.<br data-start=""634"" data-end=""637"">• Crafted from premium-quality materials for long-lasting shine.<br data-start=""701"" data-end=""704"">• Trendy, elegant designs suitable for everyday wear.<br data-start=""757"" data-end=""760"">• Beautifully packed in a premium gift box with a cute bow.</p>
<h3 data-start=""821"" data-end=""836"">Please Note</h3>
<p data-start=""838"" data-end=""1077"">• The products shown in the images are for reference only.<br data-start=""896"" data-end=""899"">• You may not receive the exact same designs as shown.<br data-start=""953"" data-end=""956"">• Every hamper is handpicked with our bestselling, premium-quality pieces, ensuring you receive the best style and value.</p>",House of Yeashi,,Rakshabandhan,Rakshabandhan,true,Title,Default Title,,,,,,,,,0.0,shopify,20,deny,manual,1099.00,1299.00,true,true,,,,,,https://cdn.shopify.com/s/files/1/0982/4505/0690/files/IMG-2214.png?v=1785069808,1,"",false,,,,,,,,,,,,,,,,,kg,,,active
celebration-rakhi-hamper,,,,,,,,,,,,,,,,,,,,,,,,,,,,,,,,https://cdn.shopify.com/s/files/1/0982/4505/0690/files/IMG-2215.png?v=1785069808,2,"",,,,,,,,,,,,,,,,,,,,,
rakshabandhan-celebration-hamper,Signature Rakhi Hamper,"<h2 data-start=""0"" data-end=""27"">Celebration Rakhi Hamper</h2>
<p data-start=""29"" data-end=""270"">Celebrate the beautiful bond of Raksha Bandhan with our thoughtfully curated <strong data-start=""106"" data-end=""134"">Celebration Rakhi Hamper</strong>. Filled with premium anti-tarnish jewellery and elegant accessories, this hamper is designed to make your loved one feel truly special.</p>
<h3 data-start=""272"" data-end=""291"">What's Included</h3>
<ol data-start=""293"" data-end=""584"">
<li data-start=""293"" data-end=""328"">One Pair of Statement Earrings</li>
<li data-start=""329"" data-end=""357"">One Trending Neck Chain</li>
<li data-start=""358"" data-end=""382"">One Adjustable Ring</li>
<li data-start=""383"" data-end=""414"">One Large Flower Hair Clip</li>
<li data-start=""415"" data-end=""446"">One Small Flower Hair Clip</li>
<li data-start=""447"" data-end=""465"">One Bag Charm</li>
<li data-start=""466"" data-end=""496"">One Anti-Tarnish Bracelet</li>
<li data-start=""497"" data-end=""526"">One Adjustable Hand Cuff</li>
<li data-start=""527"" data-end=""564"">One Raksha Bandhan Greeting Card</li>
<li data-start=""565"" data-end=""584"">One Fairy Light</li>
<li data-start=""565"" data-end=""584"">Reusable Pink Magnetic Box</li>
</ol>
<h3 data-start=""586"" data-end=""605"">Premium Quality</h3>
<p data-start=""607"" data-end=""871"">• All jewellery pieces are <strong data-start=""634"" data-end=""650"">anti-tarnish</strong> and <strong data-start=""655"" data-end=""669"">waterproof</strong>.<br data-start=""670"" data-end=""673"">• Crafted from high-quality materials for long-lasting shine.<br data-start=""734"" data-end=""737"">• Skin-friendly and comfortable for everyday wear.<br data-start=""787"" data-end=""790"">• Every hamper is carefully handpicked and beautifully packed by House of Yeashi.</p>
<h3 data-start=""873"" data-end=""888"">Please Note</h3>
<p data-start=""890"" data-end=""1134"">• The products shown in the images are for reference only.<br data-start=""948"" data-end=""951"">• You may not receive the exact same designs as shown.<br data-start=""1005"" data-end=""1008"">• Every hamper is hand-curated using our bestselling, premium-quality pieces, ensuring you receive the best quality and value.</p>
<h3 data-start=""1136"" data-end=""1161"">Personalise Your Gift</h3>
<p data-start=""1163"" data-end=""1304"">• You can add a personalised message by mentioning it in the <strong data-start=""1224"" data-end=""1239"">Order Notes</strong> at checkout, and we'll include it with your Raksha Bandhan card.</p>",House of Yeashi,,Rakshabandhan,Rakshabandhan,true,Title,Default Title,,,,,,,,,0.0,shopify,4,deny,manual,1599.00,,true,true,,,,,,https://cdn.shopify.com/s/files/1/0982/4505/0690/files/IMG-2210.png?v=1785068789,1,"",false,,,,,,,,,,,,,,,,,kg,,2199.00,active
untitled-jul19_19-21-20,Untitled Jul19_19:21:20,,House of Yeashi,Apparel & Accessories > Jewelry > Bracelets,"","",false,Title,Default Title,,,,,,,,,0.0,shopify,0,deny,manual,0.00,,true,true,,,,,,,,,false,,,,,,,,,,,,,,,,,kg,,,draft
blush-clover-charm-necklace,Blush Clover Charm Necklace,"<h4 data-start=""938"" data-end=""954""></h4>
<ul data-start=""955"" data-end=""1184"">
<li data-start=""984"" data-end=""1013"">🌸 Pink clover enamel charm</li>
<li data-start=""1014"" data-end=""1052"">💎 Sparkling solitaire crystal charm</li>
<li data-start=""1053"" data-end=""1098"">💛 Lightweight &amp; comfortable for daily wear</li>
<li data-start=""1099"" data-end=""1140"">📏 Adjustable chain for the perfect fit</li>
<li data-start=""1141"" data-end=""1184"">🎁 Perfect for gifting &amp; everyday styling</li>
</ul>
<p data-start=""1186"" data-end=""1330"" data-is-last-node="""" data-is-only-node=""""><strong data-start=""1186"" data-end=""1200"">Style Tip:</strong> Pair it with a simple white shirt, satin dress, or layer it with other dainty gold necklaces for a chic, Pinterest-inspired look.</p>",House of Yeashi,Apparel & Accessories > Jewelry,Necklace,Jewellery,true,Title,Default Title,,,,,,,,,0.0,shopify,1,deny,manual,450.00,,true,true,,,,,,https://cdn.shopify.com/s/files/1/0982/4505/0690/files/IMG-1234.png?v=1784114033,1,"",false,,,,,,,,stainless-steel; gold-plated,,,,,,,,,kg,,115.00,active
blush-clover-charm-necklace,,,,,,,,,,,,,,,,,,,,,,,,,,,,,,,,https://cdn.shopify.com/s/files/1/0982/4505/0690/files/IMG-1233.png?v=1784114033,2,"",,,,,,,,,,,,,,,,,,,,,
luna-owl-charm-necklace,Luna Owl Charm Necklace,"<p><span>Carry love and wisdom wherever you go. This elegant charm necklace combines a radiant heart with a sparkling owl, symbolising love, intuition, and strength. Finished on a sleek gold chain, it's a meaningful piece you'll reach for every day.</span></p>",House of Yeashi,Apparel & Accessories > Jewelry > Necklaces,Necklace,Necklace,true,Title,Default Title,,,,,,,,,0.0,shopify,1,deny,manual,450.00,,true,true,,,,,,https://cdn.shopify.com/s/files/1/0982/4505/0690/files/IMG-1232.png?v=1784112281,1,"",false,,,,,,,,,,,,,,,,,kg,,115.00,active
luna-owl-charm-necklace,,,,,,,,,,,,,,,,,,,,,,,,,,,,,,,,https://cdn.shopify.com/s/files/1/0982/4505/0690/files/IMG-1231.png?v=1784112281,2,"",,,,,,,,,,,,,,,,,,,,,
mystery-jars,Mystery Jars,"<p>🎀 1. TRIAL MYSTERY JAR – ₹599<br>Best for trying the Mystery Jar experience 💛<br>Our Trial Mystery Jar is perfect if you want to experience the concept without spending too much.<br>Inside, you’ll receive 4–5 handpicked jewellery pieces, including one hair accessory — all designed to be cute, wearable, and perfect for everyday styling ✨<br>Every piece is selected from our collection to give you a mix of dainty and trendy designs you’ll actually love wearing.<br>✔️ Perfect to try our Mystery Jar concept<br>✔️ Everyday jewellery pieces<br>✔️ All anti-tarnish products<br>A little surprise to make you smile 💌</p>
<p><br>🎀 2. MINI MYSTERY JAR – ₹1199<br>Everyday pieces, more variety ✨<br>Our Mini Mystery Jar is designed for those who want more variety and styling options.<br>You’ll receive 7–8 jewellery pieces, including one hair accessory, with a mix of necklaces, rings, earrings, bracelets and more 🎀<br>Each piece is handpicked to ensure you get a balanced collection of everyday jewellery that you can style across outfits.<br>✔️ More pieces, more combinations<br>✔️ Perfect for daily wear &amp; styling<br>✔️ Includes a mix of all jewellery categories<br>Everyday pieces, everyday you 💛</p>
<p><br>🎀 3. BIG MYSTERY JAR – ₹3500<br>More pieces. More styles. More to love 💖<br>Our Big Mystery Jar is where the experience gets more exciting ✨<br>Inside, you’ll receive 12–13 handpicked jewellery pieces, including 1 watch guaranteed, along with a variety of necklaces, rings, earrings, bracelets and accessories.<br>This jar is perfect if you want a complete jewellery upgrade with both everyday and slightly premium pieces.<br>✔️ 1 watch guaranteed<br>✔️ Wider variety of styles<br>✔️ Perfect for building your collection<br>More pieces, more styles, more reasons to love 💛</p>
<p><br>🎀 4. LIMITED SIGNATURE EDITION JAR – ₹6000<br>The ultimate Mystery Jar experience ✨<br>This is our most premium and exclusive Mystery Jar — created for those who want the full experience.<br>Inside, you’ll receive 26 handpicked BESTSELLING jewellery pieces, including 2 watches guaranteed — our Serpent Watch &amp; Vintage Watch ⌚✨<br>Every piece in this jar is curated from our most loved designs to give you maximum value, variety and surprise in one box.<br>✔️ 26 bestselling jewellery pieces<br>✔️ 2 watches guaranteed<br>✔️ Premium, high-value collection<br>The real magic of Mystery begins here 💫<br>⚠️ Limited batch only</p>",House of Yeashi,Apparel & Accessories > Jewelry > Jewelry Sets,"","",true,Jar Type,Trial Jar,,,,,,,,,0.0,shopify,10,deny,manual,599.00,,true,true,,,,,,https://cdn.shopify.com/s/files/1/0982/4505/0690/files/WhatsAppImage2026-07-11at5.53.50PM.jpg?v=1783773425,1,"",false,,,,,,,,,imitation-jewelry,,,,,,,,kg,,,active
mystery-jars,,,,,,,,,Mini Jar,,,,,,,,,0.0,shopify,10,deny,manual,1199.00,,true,true,,,,,,,,,,,,,,,,,,,,,,,,,,kg,,,
mystery-jars,,,,,,,,,Big Mystery Jar,,,,,,,,,0.0,shopify,5,deny,manual,3500.00,,true,true,,,,,,,,,,,,,,,,,,,,,,,,,,kg,,,
mystery-jars,,,,,,,,,Limited Edition Signature Jar,,,,,,,,,0.0,shopify,5,deny,manual,6000.00,7000.00,true,true,,,,,,,,,,,,,,,,,,,,,,,,,,kg,,,
ruby-blossom-bracelet,Ruby Blossom Bracelet,"<p data-start=""473"" data-end=""610"">Crafted from premium stainless steel with luxurious <strong data-start=""525"" data-end=""549"">18K PVD gold plating</strong>, it is designed for long-lasting shine and everyday comfort.</p>
<p data-start=""612"" data-end=""625""><strong data-start=""612"" data-end=""625"">Features:</strong></p>
<ul data-start=""626"" data-end=""890"">
<li data-start=""626"" data-end=""663"">❤️ Floral-inspired statement design</li>
<li data-start=""664"" data-end=""700"">✨ Sparkling zircon stone detailing</li>
<li data-start=""701"" data-end=""735"">🌸 Vibrant ruby-red center stone</li>
<li data-start=""736"" data-end=""776"">💛 18K PVD Gold Plated Stainless Steel</li>
<li data-start=""777"" data-end=""807"">💧 Waterproof &amp; Anti-Tarnish</li>
<li data-start=""808"" data-end=""843"">🌿 Hypoallergenic &amp; Skin-Friendly</li>
<li data-start=""844"" data-end=""890"">🎁 Perfect for gifting and special occasions</li>
</ul>
<p data-start=""892"" data-end=""971"" data-is-last-node="""" data-is-only-node="""">A graceful statement piece that effortlessly blends elegance with modern charm</p>",House of Yeashi,Apparel & Accessories > Jewelry > Bracelets,Bracelet,bracelet,true,Title,Default Title,,,,,,,,,0.0,shopify,2,deny,manual,1199.00,,true,true,,,,,,https://cdn.shopify.com/s/files/1/0982/4505/0690/files/IMG-0789.png?v=1783525312,1,"",false,,,,,,golden; gold,,stainless-steel; gold-plated,,,,,,,,,kg,,290.00,active
ruby-blossom-bracelet,,,,,,,,,,,,,,,,,,,,,,,,,,,,,,,,https://cdn.shopify.com/s/files/1/0982/4505/0690/files/IMG-0788.png?v=1783525312,2,"",,,,,,,,,,,,,,,,,,,,,
rose-charm-necklace,Rosè Charm Necklace,"<p><span>A timeless necklace featuring a blush-pink emerald-cut crystal pendant set in a sleek gold-tone frame, suspended from a delicate snake chain. Its clean, minimalist design adds a subtle touch of elegance, making it perfect for everyday wear as well as special occasions.</span></p>",House of Yeashi,Apparel & Accessories > Jewelry > Necklaces,Necklace,Necklace,true,Title,Default Title,,,,,,,,,0.0,shopify,3,deny,manual,450.00,,true,true,,,,,,https://cdn.shopify.com/s/files/1/0982/4505/0690/files/IMG-0173.png?v=1782749503,1,"",false,,,,,,,,,,,,,,,,,kg,,72.00,active
rose-charm-necklace,,,,,,,,,,,,,,,,,,,,,,,,,,,,,,,,https://cdn.shopify.com/s/files/1/0982/4505/0690/files/IMG-0174.png?v=1782749504,2,"",,,,,,,,,,,,,,,,,,,,,
eterna-orbit-necklace,Eterna Orbit Necklace,"<p data-start=""60"" data-end=""362"">Timeless, elegant, and effortlessly versatile, the <strong data-start=""111"" data-end=""136"">Eterna Orbit Necklace</strong> features a sleek interlocking circular pendant that symbolizes connection, balance, and endless possibilities. Its minimalist design makes it perfect for everyday wear, whether worn alone or layered with your favorite pieces.</p>
<ul data-start=""364"" data-end=""606"">
<li data-start=""364"" data-end=""406"">✨ Minimalist interlocking circle pendant</li>
<li data-start=""407"" data-end=""436"">💛 Elegant gold-tone finish</li>
<li data-start=""437"" data-end=""486"">📏 Adjustable chain length for a customized fit</li>
<li data-start=""487"" data-end=""536"">🌼 Lightweight and comfortable for all-day wear</li>
<li data-start=""537"" data-end=""606"">💫 Perfect for daily styling, work, brunches, and special occasions</li>
</ul>",House of Yeashi,Apparel & Accessories > Jewelry > Necklaces,Necklace,Necklace,true,Title,Default Title,,,,,,,,,0.0,shopify,2,deny,manual,500.00,,true,true,,,,,,https://cdn.shopify.com/s/files/1/0982/4505/0690/files/IMG-0164.png?v=1782746104,1,"",false,,,,,,,,,,,,,,,,,kg,,105.00,active
eterna-orbit-necklace,,,,,,,,,,,,,,,,,,,,,,,,,,,,,,,,https://cdn.shopify.com/s/files/1/0982/4505/0690/files/IMG-0163.png?v=1782746104,2,"",,,,,,,,,,,,,,,,,,,,,
champagne-glow-necklace,Champagne Glow Necklace,"<p> </p>
<li data-start=""363"" data-end=""381"">Gold-tone finish</li>
<li data-start=""382"" data-end=""421"">Emerald-cut champagne crystal pendant</li>
<li data-start=""445"" data-end=""484"">Adjustable length for the perfect fit</li>
<li data-start=""485"" data-end=""529"">Lightweight and comfortable for daily wear</li>
<li data-start=""530"" data-end=""577"">Style with western, ethnic, or fusion outfits</li>
<p> </p>",House of Yeashi,Apparel & Accessories > Jewelry > Necklaces,Necklace,Necklace,true,Title,Default Title,,,,,,,,,0.0,shopify,4,deny,manual,375.00,,true,true,,,,,,https://cdn.shopify.com/s/files/1/0982/4505/0690/files/IMG-0152.png?v=1782744452,1,"",false,,,,,,,,,,,,,,,,,kg,,72.00,active
champagne-glow-necklace,,,,,,,,,,,,,,,,,,,,,,,,,,,,,,,,https://cdn.shopify.com/s/files/1/0982/4505/0690/files/IMG-0151.png?v=1782744453,2,"",,,,,,,,,,,,,,,,,,,,,
champagne-glow-necklace,,,,,,,,,,,,,,,,,,,,,,,,,,,,,,,,https://cdn.shopify.com/s/files/1/0982/4505/0690/files/IMG-0153_720ecf8d-0591-485b-b3af-3aa17e0e62fb.png?v=1782744498,3,"",,,,,,,,,,,,,,,,,,,,,
aurum-arc-necklace,Aurum Arc Necklace,"<p data-start=""671"" data-end=""889"">✨ Elegant textured curved pendant<br data-start=""704"" data-end=""707"">✨ Sleek gold-tone snake chain<br data-start=""736"" data-end=""739"">✨ Lightweight and comfortable for all-day wear<br data-start=""785"" data-end=""788"">✨ Adjustable chain for your preferred fit<br data-start=""829"" data-end=""832"">✨ Perfect for casual styling, workwear, and evening looks</p>
<p data-start=""891"" data-end=""1010""><strong data-start=""891"" data-end=""913"">Care Instructions:</strong> Keep away from perfumes, and harsh chemicals. Store in a dry place to maintain its shine.</p>",House of Yeashi,Apparel & Accessories > Jewelry > Necklaces,Necklace,Necklace,true,Title,Default Title,,,,,,,,,0.0,shopify,4,deny,manual,450.00,,true,true,,,,,,https://cdn.shopify.com/s/files/1/0982/4505/0690/files/IMG-0145.png?v=1782743502,1,"",false,,,,,,,,,,,,,,,,,kg,,98.00,active
aurum-arc-necklace,,,,,,,,,,,,,,,,,,,,,,,,,,,,,,,,https://cdn.shopify.com/s/files/1/0982/4505/0690/files/IMG-0144.png?v=1782743502,2,"",,,,,,,,,,,,,,,,,,,,,
infinite-grace-necklace,Infinite Grace Necklace,"<p data-start=""62"" data-end=""327"">A timeless symbol of forever, the <strong data-start=""96"" data-end=""123"">Infinite Grace Necklace</strong> features a sleek infinity pendant accented with a sparkling crystal for an elegant touch. Its minimalist design makes it perfect for everyday wear, whether worn solo or layered with your favorite pieces.</p>
<p data-start=""329"" data-end=""498"">✨ Lightweight &amp; elegant<br data-start=""352"" data-end=""355"">✨ Adjustable chain for the perfect fit<br data-start=""393"" data-end=""396"">✨ Perfect for daily wear and gifting<br data-start=""432"" data-end=""435"">✨ A meaningful symbol of endless love, strength, and connection</p>",House of Yeashi,Apparel & Accessories > Jewelry > Necklaces,Necklace,Necklace,true,Title,Default Title,,,,,,,,,0.0,shopify,2,deny,manual,450.00,,true,true,,,,,,https://cdn.shopify.com/s/files/1/0982/4505/0690/files/IMG-0127.png?v=1782740899,1,"",false,,,'1,,,,,metal,,,,,,,,,kg,,72.00,active
infinite-grace-necklace,,,,,,,,,,,,,,,,,,,,,,,,,,,,,,,,https://cdn.shopify.com/s/files/1/0982/4505/0690/files/IMG-0128.png?v=1782740901,2,"",,,,,,,,,,,,,,,,,,,,,
flutter-grace-drop-necklace,Flutter Grace Drop Necklace,"<p data-start=""66"" data-end=""462"">Delicate, feminine, and effortlessly elegant, the <strong data-start=""116"" data-end=""147"">Flutter Grace Drop Necklace</strong> features a charming butterfly centerpiece with shimmering crystal accents, paired with a dainty solitaire drop and a graceful butterfly charm that creates a sophisticated lariat silhouette. Perfect for everyday wear as well as special occasions, this versatile piece adds a subtle touch of sparkle to every outfit.</p>
<p data-start=""464"" data-end=""643"">✨ Adjustable chain length for a comfortable fit<br data-start=""511"" data-end=""514"">✨ Lightweight and easy to style<br data-start=""545"" data-end=""548"">✨ Elegant butterfly and crystal detailing<br data-start=""589"" data-end=""592"">✨ Ideal for gifting or elevating your everyday look</p>
<p data-start=""645"" data-end=""734"" data-is-last-node="""" data-is-only-node=""""><strong data-start=""645"" data-end=""654"">Care:</strong> Keep away from water, perfumes, and harsh chemicals to help preserve its shine.</p>",House of Yeashi,Apparel & Accessories > Jewelry > Necklaces,Necklace,Necklace,true,Title,Default Title,,,,,,,,,0.0,shopify,0,deny,manual,375.00,,true,true,,,,,,https://cdn.shopify.com/s/files/1/0982/4505/0690/files/IMG-0033.png?v=1782647999,1,"",false,,,,,,,,,,,,,,,,,kg,,95.00,active
flutter-grace-drop-necklace,,,,,,,,,,,,,,,,,,,,,,,,,,,,,,,,https://cdn.shopify.com/s/files/1/0982/4505/0690/files/IMG-0036.png?v=1782647999,2,"",,,,,,,,,,,,,,,,,,,,,
carnival-charm-necklace,Carnival Charm Necklace,"<p data-start=""13"" data-end=""40""> </p>
<p data-start=""62"" data-end=""432"">Bring a playful pop of colour to your everyday style with the <strong data-start=""124"" data-end=""151"">Carnival Charm Necklace</strong>. Designed with a delicate gold-tone chain, dainty gold bead accents, and vibrant multicoloured stone charms, this necklace adds effortless charm to both casual and dressy looks. Wear it solo for a minimal statement or layer it with your favourite chains for a chic, curated stack.</p>
<ul data-start=""434"" data-end=""652"">
<li data-start=""434"" data-end=""475"">✨ Adjustable length for the perfect fit</li>
<li data-start=""476"" data-end=""525"">💛 Lightweight and comfortable for all-day wear</li>
<li data-start=""526"" data-end=""584"">🌈 Multicoloured stone accents for a fresh, vibrant look</li>
<li data-start=""585"" data-end=""652"">👗 Perfect for everyday styling, brunches, vacations, and gifting</li>
</ul>",House of Yeashi,Apparel & Accessories > Jewelry > Necklaces,Necklace,Necklace,true,Title,Default Title,,,,,,,,,0.0,shopify,2,deny,manual,500.00,,true,true,,,,,,https://cdn.shopify.com/s/files/1/0982/4505/0690/files/IMG-0028.png?v=1782646662,1,"",false,,,,,,,,,,,,,,,,,kg,,105.00,active
carnival-charm-necklace,,,,,,,,,,,,,,,,,,,,,,,,,,,,,,,,https://cdn.shopify.com/s/files/1/0982/4505/0690/files/IMG-0027.png?v=1782646662,2,"",,,,,,,,,,,,,,,,,,,,,
adjustable-geo-heart-necklace,Adjustable Geo Heart Necklace,"<ul data-start=""335"" data-end=""642"">
<li data-start=""335"" data-end=""384"">✨ Adjustable chain length for a customized fit.</li>
<li data-start=""385"" data-end=""441"">💛 Modern geometric design with a polished heart drop.</li>
<li data-start=""442"" data-end=""492"">🌸 Lightweight and comfortable for all-day wear.</li>
<li data-start=""493"" data-end=""572"">👗 Perfect for everyday styling, office wear, parties, and special occasions.</li>
<li data-start=""573"" data-end=""642"">🎁 A thoughtful gift for birthdays, anniversaries, or just because.</li>
</ul>
<p data-start=""644"" data-end=""763"" data-is-last-node="""" data-is-only-node=""""><strong data-start=""644"" data-end=""653"">Care:</strong><br data-start=""653"" data-end=""656"">Keep away from perfumes, and harsh chemicals. Store in a dry place to preserve its shine and finish.</p>",House of Yeashi,Apparel & Accessories > Jewelry > Necklaces,Necklace,Necklace,true,Title,Default Title,,,,,,,,,0.0,shopify,5,deny,manual,500.00,,true,true,,,,,,https://cdn.shopify.com/s/files/1/0982/4505/0690/files/IMG-0015.png?v=1782644549,1,"",false,,,,,,,,stainless-steel; gold-plated,,,,,,,,,kg,,85.00,active
adjustable-geo-heart-necklace,,,,,,,,,,,,,,,,,,,,,,,,,,,,,,,,https://cdn.shopify.com/s/files/1/0982/4505/0690/files/IMG-0016.png?v=1782644549,2,"",,,,,,,,,,,,,,,,,,,,,
adjustable-clover-cascade-necklace,Adjustable Clover Cascade Necklace,"<p data-start=""60"" data-end=""304"">A timeless lariat-style necklace featuring two elegant open clover motifs that add a touch of effortless sophistication to every outfit. Its delicate silhouette makes it perfect for everyday wear as well as special occasions.</p>
<p data-start=""306"" data-end=""321"">✨ <strong data-start=""308"" data-end=""321"">Features:</strong></p>
<ul data-start=""322"" data-end=""517"">
<li data-start=""322"" data-end=""385"">Adjustable chain length for a customized and comfortable fit.</li>
<li data-start=""386"" data-end=""426"">Lightweight and elegant lariat design.</li>
<li data-start=""427"" data-end=""472"">Perfect for layering or wearing on its own.</li>
<li data-start=""473"" data-end=""517"">Ideal for both western and ethnic outfits.</li>
</ul>
<p data-start=""519"" data-end=""625"" data-is-last-node="""" data-is-only-node=""""><strong data-start=""519"" data-end=""528"">Care:</strong> Keep away from perfumes, and harsh chemicals. Store in a dry place to maintain its shine.</p>",House of Yeashi,Apparel & Accessories > Jewelry > Necklaces,Necklace,Necklace,true,Title,Default Title,,,,,,,,,0.0,shopify,1,deny,manual,450.00,,true,true,,,,,,https://cdn.shopify.com/s/files/1/0982/4505/0690/files/IMG-0012.png?v=1782644087,1,"",false,,,,,,,,,,,,,,,,,kg,,85.00,active
adjustable-clover-cascade-necklace,,,,,,,,,,,,,,,,,,,,,,,,,,,,,,,,https://cdn.shopify.com/s/files/1/0982/4505/0690/files/IMG-0013.png?v=1782644087,2,"",,,,,,,,,,,,,,,,,,,,,
celeste-pearl-cascade-necklace,Celeste Pearl Cascade Necklace,"<p data-start=""85"" data-end=""451"">Delicate, timeless, and effortlessly elegant—the <strong data-start=""134"" data-end=""168"">Celeste Pearl Cascade Necklace</strong> features luminous faux pearls paired with shimmering crystal drops on a fine gold-tone chain. Designed to add a subtle touch of sparkle, it's perfect for everyday wear as well as special occasions. Its graceful silhouette makes it easy to style with both western and ethnic outfits.</p>
<p data-start=""453"" data-end=""465""><strong data-start=""453"" data-end=""465"">Details:</strong></p>
<ul data-start=""466"" data-end=""641"">
<li data-start=""466"" data-end=""484"">Gold-tone finish</li>
<li data-start=""485"" data-end=""515"">Faux pearl &amp; crystal accents</li>
<li data-start=""516"" data-end=""545"">Lightweight and comfortable</li>
<li data-start=""546"" data-end=""589"">Perfect for daily wear, parties &amp; gifting</li>
<li data-start=""590"" data-end=""641"">Style with dresses, sarees, kurtas or office wear</li>
</ul>
<p data-start=""643"" data-end=""772"" data-is-last-node="""" data-is-only-node=""""><strong data-start=""643"" data-end=""665"">Care Instructions:</strong><br>Keep away from water, perfumes, and harsh chemicals. Store in a dry pouch after use to maintain its shine.</p>",House of Yeashi,Apparel & Accessories > Jewelry > Necklaces,Necklace,Necklace,true,Title,Default Title,,,,,,,,,0.0,shopify,2,deny,manual,500.00,,true,true,,,,,,https://cdn.shopify.com/s/files/1/0982/4505/0690/files/IMG-0007.png?v=1782643070,1,"",false,,,,adults,,gold,,gold-plated,imitation-jewelry,chain; pendant,female,,,,,,kg,,120.00,active
celeste-pearl-cascade-necklace,,,,,,,,,,,,,,,,,,,,,,,,,,,,,,,,https://cdn.shopify.com/s/files/1/0982/4505/0690/files/IMG-0009.png?v=1782643070,2,"",,,,,,,,,,,,,,,,,,,,,
amoura-beaded-heart-necklace,Amoura Beaded Heart Necklace,"<h3><strong>Product Name</strong></h3>
<p><strong>Amoura Beaded Heart Necklace</strong></p>
<h3><strong>Description</strong></h3>
<p>Delicate, elegant, and effortlessly timeless—the <strong>Amoura Beaded Heart Necklace</strong> is crafted to elevate your everyday style. Featuring a fine beaded chain and a sleek puff heart pendant, this minimalist piece adds a soft romantic touch whether worn alone or layered with your favorite necklaces.</p>
<p>Perfect for coffee dates, office wear, or special occasions, it's the kind of piece you'll reach for every day.</p>
<p><strong>Product Details:</strong></p>
<ul>
<li>
<p>✨ 18K Gold Plated</p>
</li>
<li>
<p>✨ Stainless Steel Base</p>
</li>
<li>
<p>✨ Lightweight &amp; Comfortable</p>
</li>
<li>
<p>✨ Perfect for Everyday Wear &amp; Layering</p>
</li>
</ul>
<p><strong>Care Instructions:</strong> Keep away from perfumes, and harsh chemicals to maintain its shine.</p>",House of Yeashi,Apparel & Accessories > Jewelry > Necklaces,Necklace,Necklace,true,Title,Default Title,,,,,,,,,0.0,shopify,16,deny,manual,450.00,,true,true,,,,,,https://cdn.shopify.com/s/files/1/0982/4505/0690/files/IMG-0001.png?v=1782641316,1,"",false,,,,,,,,,,,,,,,,,kg,,75.00,active
amoura-beaded-heart-necklace,,,,,,,,,,,,,,,,,,,,,,,,,,,,,,,,https://cdn.shopify.com/s/files/1/0982/4505/0690/files/IMG-0002.png?v=1782641316,2,"",,,,,,,,,,,,,,,,,,,,,
amoura-beaded-heart-necklace,,,,,,,,,,,,,,,,,,,,,,,,,,,,,,,,https://cdn.shopify.com/s/files/1/0982/4505/0690/files/IMG-0005.png?v=1782641316,3,"",,,,,,,,,,,,,,,,,,,,,
hollow-heart-necklace,Hollow Heart Necklace,"<p> </p>
<li data-start=""806"" data-end=""846"">Contemporary open-heart pendant design</li>
<li data-start=""847"" data-end=""897"">Delicate gold-toned chain with a polished finish</li>
<li data-start=""898"" data-end=""945"">Lightweight and comfortable for everyday wear</li>
<li data-start=""946"" data-end=""990"">Perfect for layering or wearing on its own</li>
<li data-start=""991"" data-end=""1061"">A thoughtful gift for birthdays, anniversaries, or special occasions</li>
<p> </p>",House of Yeashi,Apparel & Accessories > Jewelry > Necklaces,Necklace,Necklace,true,Title,Default Title,,,,,,,,,0.0,shopify,12,deny,manual,450.00,,true,true,,,,,,https://cdn.shopify.com/s/files/1/0982/4505/0690/files/IMG-9994.png?v=1782637820,1,"",false,,,,,,,,,,,,,,,,,kg,,60.00,active
hollow-heart-necklace,,,,,,,,,,,,,,,,,,,,,,,,,,,,,,,,https://cdn.shopify.com/s/files/1/0982/4505/0690/files/IMG-9997.png?v=1782639951,2,"",,,,,,,,,,,,,,,,,,,,,
hollow-heart-necklace,,,,,,,,,,,,,,,,,,,,,,,,,,,,,,,,https://cdn.shopify.com/s/files/1/0982/4505/0690/files/IMG-9999.png?v=1782640294,3,"",,,,,,,,,,,,,,,,,,,,,
radiant-heart-necklace,Radiant Heart Necklace,"<ul data-start=""915"" data-end=""1202"">
<li data-start=""915"" data-end=""977"">Elegant heart-shaped pendant with a brilliant crystal centre</li>
<li data-start=""978"" data-end=""1024"">Delicate gold-toned chain for a refined look</li>
<li data-start=""1025"" data-end=""1072"">Lightweight and comfortable for everyday wear</li>
<li data-start=""1073"" data-end=""1132"">Perfect for layering or wearing as a standalone statement</li>
<li data-start=""1133"" data-end=""1202"">Ideal for gifting on birthdays, anniversaries, or special occasions</li>
</ul>
<p data-start=""1204"" data-end=""1361""><strong data-start=""1204"" data-end=""1225"">Care Instructions</strong><br>Avoid contact with perfumes, lotions, and harsh chemicals. Store in a dry place after use to help maintain its shine and finish.</p>",House of Yeashi,Apparel & Accessories > Jewelry > Necklaces,Necklace,Necklace,true,Title,Default Title,,,,,,,,,0.0,shopify,0,deny,manual,450.00,,true,true,,,,,,https://cdn.shopify.com/s/files/1/0982/4505/0690/files/IMG-9989.png?v=1782635653,1,"",false,,,,,,,,,,,,,,,,,kg,,75.00,active
radiant-heart-necklace,,,,,,,,,,,,,,,,,,,,,,,,,,,,,,,,https://cdn.shopify.com/s/files/1/0982/4505/0690/files/IMG-9992.png?v=1782635653,2,"",,,,,,,,,,,,,,,,,,,,,
prism-drop-choker,Prism Drop Choker,"<p data-start=""326"" data-end=""723"">Add a playful pop of colour to your jewellery collection with the <strong data-start=""392"" data-end=""413"">Prism Drop Choker</strong>. Designed with a delicate gold-toned beaded chain and adorned with vibrant bezel-set crystal drops, this necklace brings together elegance and fun in one timeless piece. Whether paired with a casual outfit or your favourite evening look, it catches the light beautifully and adds the perfect touch of sparkle.</p>
<p data-start=""725"" data-end=""862"">Its dainty silhouette makes it ideal for wearing solo as a statement piece or layered with your favourite chains for a chic, modern look.</p>
<p data-start=""864"" data-end=""876""> </p>",House of Yeashi,Apparel & Accessories > Jewelry > Necklaces,Necklace,Necklace,true,Title,Default Title,,,,,,,,,0.0,shopify,2,deny,manual,600.00,,true,true,,,,,,https://cdn.shopify.com/s/files/1/0982/4505/0690/files/IMG-9984_c40adc55-840e-4692-871a-41693bfefeab.png?v=1782634730,1,"",false,,,,adults,,gold,,,imitation-jewelry,chain; pendant,unisex,,,,,,kg,,150.00,active
prism-drop-choker,,,,,,,,,,,,,,,,,,,,,,,,,,,,,,,,https://cdn.shopify.com/s/files/1/0982/4505/0690/files/IMG-9982_9e8c36f5-6256-45d8-bedb-de8038f8fe2b.png?v=1782634730,2,"",,,,,,,,,,,,,,,,,,,,,
seabreeze-charm-choker,Seabreeze Charm Choker,"<p data-start=""788"" data-end=""800""><strong data-start=""788"" data-end=""800"">Features</strong></p>
<ul data-start=""801"" data-end=""1018"">
<li data-start=""801"" data-end=""832"">Coastal-inspired charm design</li>
<li data-start=""833"" data-end=""879"">Lightweight and comfortable for all-day wear</li>
<li data-start=""880"" data-end=""928"">Adjustable braided cord for a customizable fit</li>
<li data-start=""929"" data-end=""973"">Gold-tone charms with pastel stone accents</li>
<li data-start=""974"" data-end=""1018"">Perfect for layering or wearing on its own</li>
</ul>
<p data-start=""1020"" data-end=""1164""><strong data-start=""1020"" data-end=""1041"">Care Instructions</strong><br>Keep away from water, perfumes, lotions, and other harsh chemicals. Store in a dry place after use to maintain its finish.</p>
<p data-start=""1166"" data-end=""1303"" data-is-last-node="""" data-is-only-node="""">This style has a trendy, Pinterest-inspired aesthetic that's perfect for customers who love beachcore, vacation, and boho-chic jewellery.</p>",House of Yeashi,Apparel & Accessories > Jewelry > Necklaces,Necklace,Necklace,true,Title,Default Title,,,,,,,,,0.0,shopify,1,deny,manual,600.00,,true,true,,,,,,https://cdn.shopify.com/s/files/1/0982/4505/0690/files/IMG-9977.png?v=1782634107,1,"",false,,,,,,,,,,,,,,,,,kg,,160.00,active
seabreeze-charm-choker,,,,,,,,,,,,,,,,,,,,,,,,,,,,,,,,https://cdn.shopify.com/s/files/1/0982/4505/0690/files/IMG-9976.png?v=1782634107,2,"",,,,,,,,,,,,,,,,,,,,,
mama-me-necklace,Mama & Me Necklace,"<p> </p>
<li data-start=""485"" data-end=""511"">Premium gold-tone finish</li>
<li data-start=""512"" data-end=""551"">Elegant mother &amp; child pendant design</li>
<li data-start=""552"" data-end=""592"">Sparkling crystal and enamel detailing</li>
<li data-start=""593"" data-end=""637"">Lightweight and comfortable for daily wear</li>
<li data-start=""638"" data-end=""722"">Perfect for gifting on birthdays, Mother's Day, baby showers, or special occasion. <br><br>
</li>
<li data-start=""638"" data-end=""722"">
<strong data-start=""724"" data-end=""745"">Care Instructions</strong><br><span>Keep away from water, perfumes, and harsh chemicals. Store in a dry place after use to maintain its shine.</span>
</li>
<p> </p>",House of Yeashi,Apparel & Accessories > Jewelry > Necklaces,Necklace,Necklace,true,Title,Default Title,,,,,,,,,0.0,shopify,3,deny,manual,450.00,550.00,true,true,,,,,,https://cdn.shopify.com/s/files/1/0982/4505/0690/files/IMG-9970.png?v=1782633573,1,"",false,,,,,,,,,,,,,,,,,kg,,95.00,active
mama-me-necklace,,,,,,,,,,,,,,,,,,,,,,,,,,,,,,,,https://cdn.shopify.com/s/files/1/0982/4505/0690/files/IMG-9973.png?v=1782633573,2,"",,,,,,,,,,,,,,,,,,,,,
mama-me-necklace,,,,,,,,,,,,,,,,,,,,,,,,,,,,,,,,https://cdn.shopify.com/s/files/1/0982/4505/0690/files/IMG-9987.png?v=1782635055,3,"",,,,,,,,,,,,,,,,,,,,,
solara-heart-pendent,Solara Heart Pendent,"<ul data-start=""1211"" data-end=""1402"">
<li data-start=""1211"" data-end=""1243"">✨ Elegant heart-shaped pendant</li>
<li data-start=""1244"" data-end=""1264"">💛 18K Gold Plated</li>
<li data-start=""1265"" data-end=""1306"">💎 Crystal detailing for subtle sparkle</li>
<li data-start=""1307"" data-end=""1355"">🌸 Lightweight &amp; comfortable for everyday wear</li>
<li data-start=""1356"" data-end=""1402"">🎁 Perfect for gifting and special occasions</li>
</ul>
<p data-start=""1404"" data-end=""1530""><strong data-start=""1404"" data-end=""1423"">Jewellery Care:</strong><br>Keep away from water, perfumes, and harsh chemicals. Store in a dry place after use to preserve its shine.</p>
<p data-start=""1532"" data-end=""1681"" data-is-last-node="""" data-is-only-node=""""> </p>",House of Yeashi,Apparel & Accessories > Jewelry > Necklaces,Necklace,Necklace,true,Title,Default Title,,,,,,,,,0.0,shopify,3,deny,manual,450.00,,true,true,,,,,,https://cdn.shopify.com/s/files/1/0982/4505/0690/files/IMG-9965.png?v=1782632777,1,"",false,,,,,,,,stainless-steel; gold-plated,,,,,,,,,kg,,120.00,active
solara-heart-pendent,,,,,,,,,,,,,,,,,,,,,,,,,,,,,,,,https://cdn.shopify.com/s/files/1/0982/4505/0690/files/IMG-9966.png?v=1782632777,2,"",,,,,,,,,,,,,,,,,,,,,
solara-heart-pendent,,,,,,,,,,,,,,,,,,,,,,,,,,,,,,,,https://cdn.shopify.com/s/files/1/0982/4505/0690/files/IMG-9967.png?v=1782632838,3,"",,,,,,,,,,,,,,,,,,,,,
carnival-charm-baby-size-2-2-bangles,Carnival Charm Baby Size (2.2) Bangles,"<ul data-start=""871"" data-end=""1029"">
<li data-start=""871"" data-end=""910"">These come as a stack of 6 bangles</li>
<li data-start=""871"" data-end=""910"">Gold-tone alloy with enamel detailing</li>
<li data-start=""911"" data-end=""948"">Lightweight and comfortable to wear</li>
<li data-start=""949"" data-end=""993"">Ideal for stacking or wearing individually</li>
<li data-start=""994"" data-end=""1029"">Adds a pop of color to any outfit</li>
</ul>
<p data-start=""1031"" data-end=""1052""><strong data-start=""1031"" data-end=""1052"">Care Instructions</strong></p>
<ul data-start=""1053"" data-end=""1197"">
<li data-start=""1053"" data-end=""1107"">Keep away from water, perfumes, and harsh chemicals.</li>
<li data-start=""1108"" data-end=""1141"">Store in a dry place after use.</li>
<li data-start=""1142"" data-end=""1197"">Wipe gently with a soft cloth to maintain its finish.</li>
</ul>
<p data-start=""1199"" data-end=""1321"" data-is-last-node="""" data-is-only-node=""""><strong data-start=""1199"" data-end=""1213"">Style Tip:</strong> Pair the full stack together for a bold statement look or wear a single color to complement your outfit. 💫</p>",House of Yeashi,Apparel & Accessories > Jewelry > Bracelets,Bracelet,bracelet,true,Title,Default Title,,,,,,,,,0.0,shopify,2,deny,manual,550.00,,true,true,,,,,,https://cdn.shopify.com/s/files/1/0982/4505/0690/files/IMG-9651.png?v=1782126844,1,"",false,,,,,bangle,multicolor,,,,,,,,,,,kg,,,active
carnival-charm-baby-size-2-2-bangles,,,,,,,,,,,,,,,,,,,,,,,,,,,,,,,,https://cdn.shopify.com/s/files/1/0982/4505/0690/files/IMG-9652.png?v=1782126844,2,"",,,,,,,,,,,,,,,,,,,,,
bloom-pendent-necklace,Bloom Pendent Necklace,"<p data-start=""1109"" data-end=""1269"">✔ 18K Gold Plated<br data-start=""1126"" data-end=""1129"">✔ Waterproof &amp; Anti-Tarnish<br data-start=""1156"" data-end=""1159"">✔ Hypoallergenic &amp; Skin-Friendly<br data-start=""1191"" data-end=""1194"">✔ Lightweight for Everyday Wear<br data-start=""1225"" data-end=""1228"">✔ Elegant Floral Design with Pearl Accent</p>
<p data-start=""1271"" data-end=""1330"" data-is-last-node="""" data-is-only-node=""""><strong data-start=""1271"" data-end=""1330"" data-is-last-node="""">A little bloom, a little pearl, and a lot of charm. 🌸✨</strong></p>",House of Yeashi,Apparel & Accessories > Jewelry > Necklaces,Necklace,Necklace,true,Title,Default Title,,,,,,,,,0.0,shopify,3,deny,manual,450.00,550.00,true,true,,,,,,https://cdn.shopify.com/s/files/1/0982/4505/0690/files/0FA9C22E-DF59-4272-A8E8-E07B7A876900.png?v=1781881572,1,"",false,,,,,,golden,,stainless-steel; gold-plated,,chain; pendant,,,,,,,kg,,,active
bloom-pendent-necklace,,,,,,,,,,,,,,,,,,,,,,,,,,,,,,,,https://cdn.shopify.com/s/files/1/0982/4505/0690/files/807E499F-0C82-435D-8979-07E7D96B069B.png?v=1781881572,2,"",,,,,,,,,,,,,,,,,,,,,
infinity-aura-baby-bracelet,Infinity Aura Baby Bracelet,"<p> </p>
<li data-start=""885"" data-end=""923"">Premium stainless steel construction</li>
<li data-start=""924"" data-end=""948"">18K gold-plated finish</li>
<li data-start=""949"" data-end=""976"">Waterproof &amp; anti-tarnish</li>
<li data-start=""977"" data-end=""1011"">Hypoallergenic and skin-friendly</li>
<li data-start=""1012"" data-end=""1059"">Lightweight and comfortable for everyday wear<br>Openable cuff bracelet.</li>
<li data-start=""1012"" data-end=""1059"">Fits wrist size 2.2/2.4 only</li>
<p> </p>",House of Yeashi,Apparel & Accessories > Jewelry > Bracelets,Bracelet,bracelet,true,Title,Default Title,,,,,,,,,0.0,shopify,4,deny,manual,550.00,,true,true,,,,,,https://cdn.shopify.com/s/files/1/0982/4505/0690/files/IMG-9273.png?v=1781527454,1,"",false,,,,,,golden; gold,,stainless-steel; gold-plated,,,,,,,,,kg,,150.00,active
infinity-aura-baby-bracelet,,,,,,,,,,,,,,,,,,,,,,,,,,,,,,,,https://cdn.shopify.com/s/files/1/0982/4505/0690/files/IMG-9266.png?v=1781527454,2,"",,,,,,,,,,,,,,,,,,,,,
infinity-aura-baby-bracelet,,,,,,,,,,,,,,,,,,,,,,,,,,,,,,,,https://cdn.shopify.com/s/files/1/0982/4505/0690/files/IMG-9272.png?v=1781527454,3,"",,,,,,,,,,,,,,,,,,,,,
melt-muse-necklace,Melt Muse Necklace,"<p><span>✨ 18K Gold Plated</span><br data-start=""1366"" data-end=""1369""><span>✨ Waterproof &amp; Anti-Tarnish</span><br data-start=""1396"" data-end=""1399""><span>✨ Hypoallergenic</span><br data-start=""1415"" data-end=""1418""><span>✨ Lightweight &amp; Comfortable</span><br data-start=""1445"" data-end=""1448""><span>✨ Modern Sculptural Design</span></p>",House of Yeashi,Apparel & Accessories > Jewelry,Jewellery,Jewellery,true,Title,Default Title,,,,,,,,,0.0,shopify,1,deny,manual,500.00,,true,true,,,,,,https://cdn.shopify.com/s/files/1/0982/4505/0690/files/IMG-9258.png?v=1781525358,1,"",false,,,,,,golden; gold,,gold-plated; stainless-steel,,,,,,,,,kg,,105.00,active
melt-muse-necklace,,,,,,,,,,,,,,,,,,,,,,,,,,,,,,,,https://cdn.shopify.com/s/files/1/0982/4505/0690/files/IMG-9259.png?v=1781525358,2,"",,,,,,,,,,,,,,,,,,,,,
oreo-soulmate-charm-necklace,Dog Heart Soulmate Charm Necklace,"<p><span>✨ 18K Gold-Plated Stainless Steel</span><br data-start=""657"" data-end=""660""><span>✨ Waterproof &amp; Anti-Tarnish</span><br data-start=""687"" data-end=""690""><span>✨ Hypoallergenic &amp; Skin-Friendly</span><br data-start=""722"" data-end=""725""><span>✨ Lightweight for Everyday Wear</span><br data-start=""756"" data-end=""759""><span>✨ A Symbol of Love, Loyalty &amp; Lasting Memories</span></p>",House of Yeashi,Apparel & Accessories > Jewelry > Necklaces,Necklace,"",true,Title,Default Title,,,,,,,,,0.0,shopify,2,deny,manual,500.00,,true,true,,,,,,https://cdn.shopify.com/s/files/1/0982/4505/0690/files/9438DDFF-11B3-45C8-B98E-BD3683A219CF.png?v=1781270841,1,"",false,,,,,,golden; gold,,stainless-steel; gold-plated,,chain; pendant,,,,,,,kg,,110.00,active
oreo-soulmate-charm-necklace,,,,,,,,,,,,,,,,,,,,,,,,,,,,,,,,https://cdn.shopify.com/s/files/1/0982/4505/0690/files/48D92AED-037F-453B-B639-4D966D159A54.png?v=1781270841,2,"",,,,,,,,,,,,,,,,,,,,,
the-emerald-muse,The Emerald Muse,"<p data-start=""735"" data-end=""867"">Perfect for both everyday styling and special occasions, this necklace is designed to be your go-to statement of understated luxury.</p>
<p data-start=""869"" data-end=""1067"">✨ Premium Stainless Steel Base<br data-start=""899"" data-end=""902"">✨ 18K Gold Plated Finish<br data-start=""926"" data-end=""929"">✨ Emerald-Cut Green Stone Accent<br data-start=""961"" data-end=""964"">✨ Waterproof &amp; Anti-Tarnish<br data-start=""991"" data-end=""994"">✨ Hypoallergenic &amp; Skin-Friendly<br data-start=""1026"" data-end=""1029"">✨ Perfect for Layering or Wearing Solo</p>
<p data-start=""1069"" data-end=""1130""><strong data-start=""1069"" data-end=""1126"">A delicate pop of emerald wrapped in everyday luxury.</strong> 💚✨</p>",House of Yeashi,Apparel & Accessories > Jewelry > Necklaces,Necklace,"Jewellery, Necklace",true,Title,Default Title,,,,,,,,,0.0,shopify,4,deny,manual,550.00,,true,true,,,,,,https://cdn.shopify.com/s/files/1/0982/4505/0690/files/IMG-8936.png?v=1781099860,1,"",false,,,,,,golden; gold,,stainless-steel; gold-plated,,,,,,,,,kg,,,active
the-emerald-muse,,,,,,,,,,,,,,,,,,,,,,,,,,,,,,,,https://cdn.shopify.com/s/files/1/0982/4505/0690/files/IMG-8935.png?v=1781099860,2,"",,,,,,,,,,,,,,,,,,,,,
serpentina-luxe-chain,Serpentina Luxe Chain,"<p data-start=""656"" data-end=""931"">Crafted from premium stainless steel with luxurious 18K gold plating, it's waterproof, anti-tarnish, and perfect for daily wear. Whether worn alone for a minimalist look or layered with your favorite pieces, this timeless chain adds effortless sophistication to every outfit.</p>
<p data-start=""933"" data-end=""1089"">✨ 18K Gold Plated<br data-start=""950"" data-end=""953"">✨ Anti-Tarnish &amp; Waterproof<br data-start=""980"" data-end=""983"">✨ Hypoallergenic &amp; Skin-Friendly<br data-start=""1015"" data-end=""1018"">✨ Premium Stainless Steel Base<br data-start=""1048"" data-end=""1051"">✨ Perfect for Everyday Wear &amp; Layering</p>",House of Yeashi,Apparel & Accessories > Jewelry > Necklaces,Necklace,Necklace,true,Title,Default Title,,,,,,,,,0.0,shopify,1,deny,manual,450.00,550.00,true,true,,,,,,https://cdn.shopify.com/s/files/1/0982/4505/0690/files/IMG-8930.png?v=1781096135,1,"",false,,,,adults,,gold,,stainless-steel; gold-plated,imitation-jewelry,chain,unisex,,,,,,kg,,100.00,active
serpentina-luxe-chain,,,,,,,,,,,,,,,,,,,,,,,,,,,,,,,,https://cdn.shopify.com/s/files/1/0982/4505/0690/files/IMG-8931.png?v=1781096154,2,"",,,,,,,,,,,,,,,,,,,,,
golden-promise-necklace,Golden Promise Necklace,"<p><span>✨ Elegant heart-shaped pendant</span><br data-start=""1003"" data-end=""1006""><span>✨ Delicate beaded chain detailing</span><br data-start=""1039"" data-end=""1042""><span>✨ Waterproof &amp; anti-tarnish finish</span><br data-start=""1076"" data-end=""1079""><span>✨ Hypoallergenic and comfortable for daily wear</span><br data-start=""1126"" data-end=""1129""><span>✨ Perfect for gifting and layering</span></p>",House of Yeashi,Apparel & Accessories > Jewelry,Necklace,"Jewellery, Necklace",true,Title,Default Title,,,,,,,,,0.0,shopify,4,deny,manual,550.00,750.00,true,true,,,,,,https://cdn.shopify.com/s/files/1/0982/4505/0690/files/IMG-8664.png?v=1780657654,1,"",false,,,,,,golden; gold,,,,,,,,,,,kg,,130.00,active
golden-promise-necklace,,,,,,,,,,,,,,,,,,,,,,,,,,,,,,,,https://cdn.shopify.com/s/files/1/0982/4505/0690/files/IMG-0132.png?v=1782741763,2,"",,,,,,,,,,,,,,,,,,,,,
sea-haven-bracelet,Sea Haven Bracelet,"<p><span>✨ Beach-inspired charm design</span><br data-start=""946"" data-end=""949""><span>✨ Lightweight and comfortable fit</span><br data-start=""982"" data-end=""985""><span>✨ Waterproof &amp; anti-tarnish finish</span><br data-start=""1019"" data-end=""1022""><span>✨ Perfect for everyday wear</span><br data-start=""1049"" data-end=""1052""><span>✨ A unique statement piece for ocean lovers</span></p>",House of Yeashi,Apparel & Accessories > Jewelry > Bracelets,Bracelet,bracelet,true,Title,Default Title,,,,,,,,,0.0,shopify,1,deny,manual,6501.00,750.00,true,true,,,,,,https://cdn.shopify.com/s/files/1/0982/4505/0690/files/IMG-8656.png?v=1780657265,1,"",false,,,,,charm,golden; white,,stainless-steel; gold-plated,,,,,,,,,kg,,160.00,active
sea-haven-bracelet,,,,,,,,,,,,,,,,,,,,,,,,,,,,,,,,https://cdn.shopify.com/s/files/1/0982/4505/0690/files/IMG-8655.png?v=1780657265,2,"",,,,,,,,,,,,,,,,,,,,,
untitled-jun4_19-14-22,Untitled Jun4_19:14:22,,House of Yeashi,,"","",false,Single Bangle,550,,Set of 2 Bangles,999,,,,,,0.0,shopify,4,deny,manual,0.00,,true,true,,,,,,,,,false,,,,,,,,,,,,,,,,,kg,,,draft
untitled-jun4_15-16-41,Untitled Jun4_15:16:41,,House of Yeashi,,"","",false,Title,Default Title,,,,,,,,,0.0,shopify,0,deny,manual,0.00,,true,true,,,,,,,,,false,,,,,,,,,,,,,,,,,kg,,,draft
moonwave-pearl-cuff,Moonwave Pearl Cuff,"<p data-start=""492"" data-end=""876"">Gracefully sculpted with flowing organic curves, the Moonwave Pearl Cuff captures the beauty of gentle ocean waves adorned with luminous pearl accents. Its open-cuff design allows for effortless wear while adding a touch of timeless elegance to your everyday style. Whether worn alone or layered with your favorite pieces, this bracelet brings a refined, luxurious finish to any look.</p>
<p data-start=""878"" data-end=""1093"">✨ Elegant open-cuff design<br data-start=""904"" data-end=""907"">✨ Delicate pearl detailing<br data-start=""933"" data-end=""936"">✨ Lightweight and comfortable for daily wear<br data-start=""980"" data-end=""983"">✨ Perfect for casual, festive, and special occasions<br data-start=""1035"" data-end=""1038"">✨ A timeless blend of modern artistry and classic charm</p>",House of Yeashi,Apparel & Accessories > Jewelry > Bracelets,"",bracelet,true,Title,Default Title,,,,,,,,,0.0,shopify,1,deny,manual,650.00,1000.00,true,true,,,,,,https://cdn.shopify.com/s/files/1/0982/4505/0690/files/IMG-8580.png?v=1780565151,1,"",false,,,,,cuff,golden; white; gold,,stainless-steel; gold-plated,,,,,,,,,kg,,150.00,active
moonwave-pearl-cuff,,,,,,,,,,,,,,,,,,,,,,,,,,,,,,,,https://cdn.shopify.com/s/files/1/0982/4505/0690/files/IMG-8581.png?v=1780565151,2,"",,,,,,,,,,,,,,,,,,,,,
untitled-may30_18-28-07,Untitled May30_18:28:07,,House of Yeashi,,"","",false,Title,Default Title,,,,,,,,,0.0,shopify,0,deny,manual,0.00,,true,true,,,,,,,,,false,,,,,,,,,,,,,,,,,kg,,,draft
midnight-muse-italian-bracelet-watch,Midnight Muse Italian Bracelet Watch,"<p><span>Elevate your everyday style with the Midnight Luxe Watch, a sophisticated timepiece designed for those who appreciate understated elegance. Featuring a sleek black finish and a timeless silhouette, this watch effortlessly blends modern minimalism with luxury. Whether paired with casual outfits or evening ensembles, it adds a refined touch to every look.</span></p>",House of Yeashi,Apparel & Accessories > Jewelry > Watches,Watch,Watch,true,Title,Default Title,,,,,,,,,0.0,shopify,1,deny,manual,1399.00,,true,true,,,,,,https://cdn.shopify.com/s/files/1/0982/4505/0690/files/6EA0076D-4F33-4712-92B8-6703C8F910C2.png?v=1780144401,1,"",false,,,,adults,,,,,,,female,,,,,,kg,,450.00,active
midnight-muse-italian-bracelet-watch,,,,,,,,,,,,,,,,,,,,,,,,,,,,,,,,https://cdn.shopify.com/s/files/1/0982/4505/0690/files/04A0095E-9253-4194-9FC6-734A32A85148.png?v=1780144401,2,"",,,,,,,,,,,,,,,,,,,,,
aurora-knot-drops,Aurora Knot Drops,"<p data-start=""29"" data-end=""401"">A modern statement with a touch of timeless elegance, the Aurora Knot Drops feature a sculpted gold knot design gracefully paired with a sparkling pear-cut crystal charm. The fluid silhouette symbolizes strength, connection, and effortless beauty, making these earrings the perfect finishing touch for both everyday sophistication and special occasions.</p>
<p data-start=""403"" data-end=""425""><strong data-start=""403"" data-end=""425"">Care Instructions:</strong></p>
<ul data-start=""426"" data-end=""582"">
<li data-start=""426"" data-end=""480"">Keep away from water, perfumes, and harsh chemicals.</li>
<li data-start=""481"" data-end=""531"">Store in a dry pouch or jewellery box after use.</li>
<li data-start=""532"" data-end=""582"">Wipe gently with a soft cloth to maintain shine.</li>
</ul>",House of Yeashi,Apparel & Accessories > Jewelry > Earrings,Earring,Earrings,true,Title,Default Title,,,,,,,,,0.0,shopify,1,deny,manual,999.00,,true,true,,,,,,https://cdn.shopify.com/s/files/1/0982/4505/0690/files/IMG-8363.png?v=1780144256,1,"",false,,,,,,golden,,stainless-steel; gold-plated,,,,,,,,,kg,,350.00,active
aurora-knot-drops,,,,,,,,,,,,,,,,,,,,,,,,,,,,,,,,https://cdn.shopify.com/s/files/1/0982/4505/0690/files/IMG-8362.png?v=1780144255,2,"",,,,,,,,,,,,,,,,,,,,,
crystal-dewdrop-earring,Crystal Dewdrop Earring,"<p data-start=""36"" data-end=""359"">Delicate and timeless, the Crystal Dewdrop Earrings feature a brilliant round-cut stone paired with a sparkling pear-shaped drop, set in a radiant gold-tone finish. Designed to catch the light beautifully, these elegant earrings add effortless sophistication to both everyday looks and special occasions.</p>
<p data-start=""361"" data-end=""381""><strong data-start=""361"" data-end=""381"">Material &amp; Care:</strong></p>
<ul data-start=""382"" data-end=""577"">
<li data-start=""382"" data-end=""399"">18K Gold Plated</li>
<li data-start=""400"" data-end=""436"">High-quality cubic zirconia stones</li>
<li data-start=""437"" data-end=""467"">Hypoallergenic &amp; lightweight</li>
<li data-start=""468"" data-end=""528"">Keep away from perfumes, chemicals, and excessive moisture</li>
<li data-start=""529"" data-end=""577"">Store in a dry jewellery pouch when not in use</li>
</ul>",House of Yeashi,Apparel & Accessories > Jewelry > Earrings,Earring,Earrings,true,Title,Default Title,,,,,,,,,0.0,shopify,1,deny,manual,999.00,,true,true,,,,,,https://cdn.shopify.com/s/files/1/0982/4505/0690/files/IMG-8360.png?v=1780143907,1,"",false,,,,adults,,gold,dangle,gold-plated,imitation-jewelry,,female,,,,,,kg,,350.00,active
crystal-dewdrop-earring,,,,,,,,,,,,,,,,,,,,,,,,,,,,,,,,https://cdn.shopify.com/s/files/1/0982/4505/0690/files/IMG-8361.png?v=1780143907,2,"",,,,,,,,,,,,,,,,,,,,,
pearl-tide-star-studs,Pearl Tide Star Studs,"<p data-start=""39"" data-end=""391"">Inspired by the beauty of the ocean, the Pearl Tide Star Studs blend sparkling starfish details, brilliant crystals, and luminous pearls into one enchanting design. Delicate yet eye-catching, these earrings bring a touch of seaside elegance to every look, making them perfect for vacations, brunch dates, and special occasions alike.</p>
<p data-start=""393"" data-end=""556"">✨ Crystal-studded starfish design<br data-start=""426"" data-end=""429"">✨ Radiant pearl drop accent<br data-start=""456"" data-end=""459"">✨ Lightweight and comfortable for all-day wear<br data-start=""505"" data-end=""508"">✨ Adds a dreamy coastal-luxe charm to any outfit</p>
<p data-start=""558"" data-end=""744""><strong data-start=""558"" data-end=""580"">Care Instructions:</strong><br data-start=""580"" data-end=""583"">Keep away from water, perfumes, and harsh chemicals. Store in a dry jewellery pouch and wipe gently with a soft cloth after use to maintain shine and brilliance.</p>
<p data-start=""746"" data-end=""806"" data-is-last-node="""" data-is-only-node="""">🌊 <em data-start=""749"" data-end=""806"" data-is-last-node="""">A little piece of the ocean, crafted in gold and pearl.</em></p>",House of Yeashi,Apparel & Accessories > Jewelry > Earrings,Earring,Earrings,true,Title,Default Title,,,,,,,,,0.0,shopify,2,deny,manual,550.00,,true,true,,,,,,https://cdn.shopify.com/s/files/1/0982/4505/0690/files/IMG-8327.png?v=1780128079,1,"",false,,,,,,golden; white; gold,stud,,,,,,,,,,kg,,95.00,active
pearl-tide-star-studs,,,,,,,,,,,,,,,,,,,,,,,,,,,,,,,,https://cdn.shopify.com/s/files/1/0982/4505/0690/files/IMG-8326.png?v=1780128080,2,"",,,,,,,,,,,,,,,,,,,,,
ivory-muse-pearl-stud,Ivory Muse Pearl Stud,"<p data-start=""387"" data-end=""544"">✨ Lightweight &amp; versatile<br data-start=""412"" data-end=""415"">✨ Timeless pearl design<br data-start=""438"" data-end=""441"">✨ Perfect for everyday wear and special occasions<br data-start=""490"" data-end=""493"">✨ A must-have staple for every jewellery collection</p>
<p data-start=""546"" data-end=""687"" data-is-last-node="""" data-is-only-node=""""><strong data-start=""546"" data-end=""568"">Care Instructions:</strong> Keep away from water, perfumes, and harsh chemicals. Store in a dry place and wipe gently with a soft cloth after use.</p>",House of Yeashi,Apparel & Accessories > Jewelry > Earrings,Earring,"BOGO, Earrings",true,Title,Default Title,,,,,,,,,0.0,shopify,2,deny,manual,300.00,,true,true,,,,,,https://cdn.shopify.com/s/files/1/0982/4505/0690/files/IMG-8321.png?v=1780127623,1,"",false,,,,,,white,,,,,,,,,,,kg,,56.00,active
solara-radiance-drops,Solara Radiance Drops,"<p data-start=""39"" data-end=""443"">Inspired by the glow of the golden sun, the Solara Radiance Drops feature sparkling crystal-studded hoops paired with beautifully textured sunburst charms. Their elegant shine and lightweight design make them perfect for elevating both everyday looks and special occasions. Crafted to add a touch of effortless luxury, these earrings are a timeless statement for every jewellery lover.</p>
<p data-start=""445"" data-end=""673""><strong data-start=""445"" data-end=""467"">Care Instructions:</strong><br data-start=""467"" data-end=""470"">• Keep away from perfumes, lotions, and harsh chemicals.<br data-start=""526"" data-end=""529"">• Avoid prolonged exposure to water.<br data-start=""565"" data-end=""568"">• Store in a dry jewellery pouch or box after use.<br data-start=""618"" data-end=""621"">• Wipe gently with a soft cloth to maintain shine.</p>
<p data-start=""675"" data-end=""751"" data-is-last-node="""" data-is-only-node="""">✨ <em data-start=""677"" data-end=""751"" data-is-last-node="""">A radiant golden accent designed to catch the light with every movement.</em></p>",House of Yeashi,Apparel & Accessories > Jewelry > Earrings,Earring,Earrings,true,Title,Default Title,,,,,,,,,0.0,shopify,2,deny,manual,550.00,,true,true,,,,,,https://cdn.shopify.com/s/files/1/0982/4505/0690/files/IMG-8319.png?v=1780127255,1,"",false,,,,,,golden; gold,drop,,,,,,,,,,kg,,144.00,active
solara-radiance-drops,,,,,,,,,,,,,,,,,,,,,,,,,,,,,,,,https://cdn.shopify.com/s/files/1/0982/4505/0690/files/IMG-8318.png?v=1780127255,2,"",,,,,,,,,,,,,,,,,,,,,
twisted-hoops,Twisted Hoops,"<p data-start=""651"" data-end=""763"">✨ 18K Gold Plated<br data-start=""668"" data-end=""671"">✨ Waterproof &amp; Anti-Tarnish<br data-start=""698"" data-end=""701"">✨ Hypoallergenic &amp; Skin-Friendly<br data-start=""733"" data-end=""736"">✨ Lightweight &amp; Comfortable</p>
<h3 data-start=""829"" data-end=""854""><span role=""text""><strong data-start=""833"" data-end=""854"">Care Instructions</strong></span></h3>
<p data-start=""855"" data-end=""1133"">• Avoid direct contact with perfumes, lotions, and harsh chemicals.<br data-start=""922"" data-end=""925"">• Remove before swimming or using hot water.<br data-start=""969"" data-end=""972"">• Wipe gently with a soft dry cloth after use.<br data-start=""1018"" data-end=""1021"">• Store in a jewelry pouch or box when not in use.<br data-start=""1071"" data-end=""1074"">• Keep away from excessive moisture for long-lasting shine.</p>",House of Yeashi,Apparel & Accessories > Jewelry > Earrings,"",Earrings,true,Title,Default Title,,,,,,,,,0.0,shopify,1,deny,manual,600.00,,true,true,,,,,,https://cdn.shopify.com/s/files/1/0982/4505/0690/files/IMG-8313.png?v=1780127105,1,"",false,,,,,,golden; gold,,,,,,,,,,,kg,,,active
twisted-hoops,,,,,,,,,,,,,,,,,,,,,,,,,,,,,,,,https://cdn.shopify.com/s/files/1/0982/4505/0690/files/IMG-8316.png?v=1780127105,2,"",,,,,,,,,,,,,,,,,,,,,
daisy-dazzle-hoops,Daisy Dazzle Hoops,"<p data-start=""651"" data-end=""763"">✨ 18K Gold Plated<br data-start=""668"" data-end=""671"">✨ Waterproof &amp; Anti-Tarnish<br data-start=""698"" data-end=""701"">✨ Hypoallergenic &amp; Skin-Friendly<br data-start=""733"" data-end=""736"">✨ Lightweight &amp; Comfortable</p>
<p data-start=""765"" data-end=""827""><strong data-start=""765"" data-end=""822"">A little bloom, a little sparkle, and a lot of charm.</strong> 🌼💛</p>
<h3 data-start=""829"" data-end=""854""><span role=""text""><strong data-start=""833"" data-end=""854"">Care Instructions</strong></span></h3>
<p data-start=""855"" data-end=""1133"">• Avoid direct contact with perfumes, lotions, and harsh chemicals.<br data-start=""922"" data-end=""925"">• Remove before swimming or using hot water.<br data-start=""969"" data-end=""972"">• Wipe gently with a soft dry cloth after use.<br data-start=""1018"" data-end=""1021"">• Store in a jewelry pouch or box when not in use.<br data-start=""1071"" data-end=""1074"">• Keep away from excessive moisture for long-lasting shine.</p>",House of Yeashi,Apparel & Accessories > Jewelry > Earrings,Earring,"BOGO, Earrings",true,Title,Default Title,,,,,,,,,0.0,shopify,1,deny,manual,550.00,,true,true,,,,,,https://cdn.shopify.com/s/files/1/0982/4505/0690/files/IMG-8307.png?v=1780126388,1,"",false,,,,,,golden,hoop,stainless-steel; gold-plated,,,,,,,,,kg,,,active
daisy-dazzle-hoops,,,,,,,,,,,,,,,,,,,,,,,,,,,,,,,,https://cdn.shopify.com/s/files/1/0982/4505/0690/files/IMG-8308.png?v=1780126389,2,"",,,,,,,,,,,,,,,,,,,,,
lumiere-drop-hoops,Lumière Drop Hoops,"<p data-start=""416"" data-end=""534"">✨ 18K Gold Plated<br data-start=""433"" data-end=""436"">✨ Waterproof &amp; Anti-Tarnish<br data-start=""463"" data-end=""466"">✨ Hypoallergenic &amp; Skin-Friendly<br data-start=""498"" data-end=""501"">✨ Lightweight for All-Day Comfort</p>
<p data-start=""536"" data-end=""578""><strong data-start=""536"" data-end=""578"">A timeless shimmer for every occasion.</strong></p>",House of Yeashi,Apparel & Accessories > Jewelry > Earrings,Earring,"BOGO, Earrings",true,Title,Default Title,,,,,,,,,0.0,shopify,2,deny,manual,550.00,,true,true,,,,,,https://cdn.shopify.com/s/files/1/0982/4505/0690/files/IMG-8303.png?v=1780126119,1,"",false,,,,,,golden,hoop,,,,,,,,,,kg,,,active
lumiere-drop-hoops,,,,,,,,,,,,,,,,,,,,,,,,,,,,,,,,https://cdn.shopify.com/s/files/1/0982/4505/0690/files/IMG-8302.png?v=1780126119,2,"",,,,,,,,,,,,,,,,,,,,,
lyra-glow-earrings,Lyra Glow Earrings,"<p data-start=""678"" data-end=""796"">✨ 18K Gold Plated<br data-start=""695"" data-end=""698"">✨ Waterproof &amp; Anti-Tarnish<br data-start=""725"" data-end=""728"">✨ Hypoallergenic &amp; Skin-Friendly<br data-start=""760"" data-end=""763"">✨ Lightweight for All-Day Comfort</p>
<p data-start=""798"" data-end=""851"" data-is-last-node="""" data-is-only-node=""""><strong data-start=""798"" data-end=""848"">A timeless sparkle you'll reach for every day.</strong> 💛</p>",House of Yeashi,Apparel & Accessories > Jewelry > Earrings,Earring,"BOGO, Earrings",true,Title,Default Title,,,,,,,,,0.0,shopify,2,deny,manual,400.00,,true,true,,,,,,https://cdn.shopify.com/s/files/1/0982/4505/0690/files/IMG-8298.png?v=1780125657,1,"",false,,,,,,golden,,,,,,,,,,,kg,,130.00,active
lyra-glow-earrings,,,,,,,,,,,,,,,,,,,,,,,,,,,,,,,,https://cdn.shopify.com/s/files/1/0982/4505/0690/files/IMG-8297.png?v=1780125658,2,"",,,,,,,,,,,,,,,,,,,,,
eternal-tulip-stud,Eternal Tulip Stud,"<p><strong data-start=""1109"" data-end=""1192"">18K Gold-Plated • Anti-Tarnish • Lightweight • Hypoallergenic • Everyday Luxury</strong><span> ✨</span></p>",House of Yeashi,Apparel & Accessories > Jewelry > Earrings,Earring,Earrings,true,Title,Default Title,,,,,,,,,0.0,shopify,1,deny,manual,550.00,,true,true,,,,,,https://cdn.shopify.com/s/files/1/0982/4505/0690/files/IMG-8287.png?v=1780124446,1,"",false,,,,adults,,gold; floral,stud,gold-plated,imitation-jewelry,,unisex,,,,,,kg,,80.00,active
eternal-tulip-stud,,,,,,,,,,,,,,,,,,,,,,,,,,,,,,,,https://cdn.shopify.com/s/files/1/0982/4505/0690/files/IMG-8288.png?v=1780124446,2,"",,,,,,,,,,,,,,,,,,,,,
eternal-tulip-stud,,,,,,,,,,,,,,,,,,,,,,,,,,,,,,,,https://cdn.shopify.com/s/files/1/0982/4505/0690/files/17E1FD2E-5DC3-4CC3-A97C-643A51C22D9C.jpg?v=1777740989,3,"",,,,,,,,,,,,,,,,,,,,,
verdant-bloom-studs,Verdant Bloom Studs,"<p data-start=""363"" data-end=""733"">Inspired by nature's elegance, the <strong data-start=""398"" data-end=""421"">Verdant Bloom Studs</strong> feature a luminous olive-green gemstone framed by a delicate gold petal design. Their timeless floral silhouette adds a fresh pop of color while maintaining a sophisticated, everyday charm. Perfect for elevating both casual and festive looks, these studs are a beautiful blend of vintage grace and modern style.</p>
<p data-start=""735"" data-end=""746""><strong data-start=""735"" data-end=""746"">Details</strong></p>
<ul data-start=""747"" data-end=""913"">
<li data-start=""747"" data-end=""771"">Gold-tone floral frame</li>
<li data-start=""772"" data-end=""806"">Olive-green gemstone centerpiece</li>
<li data-start=""807"" data-end=""853"">Lightweight and comfortable for all-day wear</li>
<li data-start=""854"" data-end=""913"">Perfect for brunches, celebrations, and everyday elegance</li>
</ul>
<p data-start=""915"" data-end=""1040""><strong data-start=""915"" data-end=""936"">Care Instructions</strong><br>Keep away from water, perfumes, and harsh chemicals. Store in a dry place to preserve shine and finish.</p>",House of Yeashi,Apparel & Accessories > Jewelry > Earrings,Earring,"BOGO, Earrings",true,Title,Default Title,,,,,,,,,0.0,shopify,1,deny,manual,400.00,,true,true,,,,,,https://cdn.shopify.com/s/files/1/0982/4505/0690/files/IMG-8284.png?v=1780123907,1,"",false,,,,adults,,floral; gold,stud,,imitation-jewelry,,female,,,,,,kg,,78.00,active
verdant-bloom-studs,,,,,,,,,,,,,,,,,,,,,,,,,,,,,,,,https://cdn.shopify.com/s/files/1/0982/4505/0690/files/IMG-8285.png?v=1780123952,2,"",,,,,,,,,,,,,,,,,,,,,
golden-cascade-tassel-earring,Golden Cascade Tassel Earring,"<p data-start=""397"" data-end=""790"">Make an unforgettable statement with the <strong data-start=""438"" data-end=""472"">Golden Cascade Tassel Earrings</strong>. Featuring sleek gold-tone bars and flowing chain tassels that sway gracefully with every movement, these earrings bring effortless glamour and sophistication to any look. Their elegant silhouette elongates the neckline, making them the perfect accessory for festive occasions, parties, weddings, and evening outings.</p>
<p data-start=""792"" data-end=""803""> </p>",House of Yeashi,Apparel & Accessories > Jewelry > Earrings,Earring,Earrings,true,Title,Default Title,,,,,,,,,0.0,shopify,1,deny,manual,600.00,,true,true,,,,,,https://cdn.shopify.com/s/files/1/0982/4505/0690/files/IMG-8281.png?v=1780122809,1,"",false,,,,,,,dangle,gold-plated,,,,,,,,,kg,,,active
cupid-s-knot-earrings,Cupid’s Knot Earrings,"<ul data-start=""725"" data-end=""885"">
<li data-start=""725"" data-end=""751"">Premium gold-tone finish</li>
<li data-start=""752"" data-end=""798"">Lightweight and comfortable for all-day wear</li>
<li data-start=""799"" data-end=""828"">Elegant bow-inspired design</li>
<li data-start=""829"" data-end=""885"">Perfect for daily wear, brunches, parties, and gifting</li>
</ul>
<p data-start=""887"" data-end=""983""><strong data-start=""887"" data-end=""896"">Care:</strong> Keep away from water, perfumes, and harsh chemicals to maintain shine and longevity. ✨</p>",House of Yeashi,Apparel & Accessories > Jewelry > Earrings,Earring,Earrings,true,Title,Default Title,,,,,,,,,0.0,shopify,2,deny,manual,550.00,,true,true,,,,,,https://cdn.shopify.com/s/files/1/0982/4505/0690/files/IMG-8277.png?v=1780122232,1,"",false,,,,,,golden,,,,,,,,,,,kg,,,active
cupid-s-knot-earrings,,,,,,,,,,,,,,,,,,,,,,,,,,,,,,,,https://cdn.shopify.com/s/files/1/0982/4505/0690/files/IMG-8278.png?v=1780122232,2,"",,,,,,,,,,,,,,,,,,,,,
golden-heartbeat-studs,Golden Heartbeat Studs,"<p data-start=""772"" data-end=""1111""><strong data-start=""772"" data-end=""798"">Golden Heartbeat Studs</strong> are designed to capture the warmth of love and the elegance of gold. Featuring a sculpted heart silhouette adorned with delicate crystal accents, these statement earrings add a touch of romance and sparkle to every look. Perfect for date nights, celebrations, or elevating everyday outfits with effortless charm.</p>
<p data-start=""1113"" data-end=""1254"">✨ Gold-toned finish<br data-start=""1132"" data-end=""1135"">✨ Crystal embellishments<br data-start=""1159"" data-end=""1162"">✨ Lightweight statement design<br data-start=""1192"" data-end=""1195"">✨ Tarnish-resistant<br data-start=""1214"" data-end=""1217"">✨ A timeless symbol of love and style</p>
<p data-start=""1256"" data-end=""1296"" data-is-last-node="""" data-is-only-node=""""> </p>",House of Yeashi,Apparel & Accessories > Jewelry > Earrings,Earring,Earrings,true,Title,Default Title,,,,,,,,,0.0,shopify,3,deny,manual,550.00,,true,true,,,,,,https://cdn.shopify.com/s/files/1/0982/4505/0690/files/IMG-8273.png?v=1780121748,1,"",false,,,,,,golden,stud,stainless-steel,,,,,,,,,kg,,,active
golden-heartbeat-studs,,,,,,,,,,,,,,,,,,,,,,,,,,,,,,,,https://cdn.shopify.com/s/files/1/0982/4505/0690/files/IMG-8274.png?v=1780121750,2,"",,,,,,,,,,,,,,,,,,,,,
pearl-reverie-stud,Pearl Reverie Stud,"<p data-start=""37"" data-end=""370"">A timeless blend of vintage charm and modern elegance, the Pearl Reverie Studs feature a luminous pearl nestled within an organically textured gold-toned frame. Designed to make a statement without overwhelming your look, these earrings add effortless sophistication to both everyday outfits and special occasions.</p>
<p data-start=""372"" data-end=""539"">✨ Elegant Pearl Centerpiece<br data-start=""399"" data-end=""402"">✨ Textured Gold-Toned Design<br data-start=""430"" data-end=""433"">✨ Lightweight &amp; Comfortable<br data-start=""460"" data-end=""463"">✨ Tarnish-Resistant Finish<br data-start=""489"" data-end=""492"">✨ Perfect for Brunches, Evenings &amp; Celebrations</p>",House of Yeashi,Apparel & Accessories > Jewelry > Earrings,Earring,"BOGO, Earrings",true,Title,Default Title,,,,,,,,,0.0,shopify,2,deny,manual,400.00,,true,true,,,,,,https://cdn.shopify.com/s/files/1/0982/4505/0690/files/IMG-8265.png?v=1780120396,1,"",false,,,,,,golden; white,stud,,,,,,,,,,kg,,78.00,active
pearl-reverie-stud,,,,,,,,,,,,,,,,,,,,,,,,,,,,,,,,https://cdn.shopify.com/s/files/1/0982/4505/0690/files/AC4709CF-3639-4264-9F0B-8041B57F1CD5.jpg?v=1777740989,2,"",,,,,,,,,,,,,,,,,,,,,
ophelia-spark-hoops,Ophelia Spark Hoops,"<p data-start=""377"" data-end=""533"">✨ 18K Gold-Plated Finish<br data-start=""401"" data-end=""404"">✨ Sparkling Baguette-Cut Crystals<br data-start=""437"" data-end=""440"">✨ Lightweight &amp; Comfortable<br data-start=""467"" data-end=""470"">✨ Tarnish-Resistant Design<br data-start=""496"" data-end=""499"">✨ Perfect for Day-to-Night Styling</p>
<p data-start=""535"" data-end=""573"" data-is-last-node="""" data-is-only-node=""""> </p>",House of Yeashi,Apparel & Accessories > Jewelry > Earrings,Earring,Earrings,true,Title,Default Title,,,,,,,,,0.0,shopify,3,deny,manual,450.00,550.00,true,true,,,,,,https://cdn.shopify.com/s/files/1/0982/4505/0690/files/IMG-8262.png?v=1780120077,1,"",false,,,,,,golden; geometric,hoop,,,,,,,,,,kg,,,active
ophelia-spark-hoops,,,,,,,,,,,,,,,,,,,,,,,,,,,,,,,,https://cdn.shopify.com/s/files/1/0982/4505/0690/files/IMG-8263.png?v=1780120077,2,"",,,,,,,,,,,,,,,,,,,,,
infinity-glow-studs,Infinity Glow Studs,"<p data-start=""33"" data-end=""322"">A timeless symbol of endless elegance, the Infinity Glow Studs feature a sleek gold-tone infinity design accented with shimmering crystals for the perfect touch of sparkle. Delicate yet eye-catching, they're designed to elevate your everyday style with effortless charm.</p>
<p data-start=""324"" data-end=""475"">✨ Elegant infinity motif<br data-start=""348"" data-end=""351"">✨ Crystal-studded sparkle accents<br data-start=""384"" data-end=""387"">✨ Lightweight and comfortable for daily wear<br data-start=""431"" data-end=""434"">✨ Perfect for gifting or everyday styling</p>
<p data-start=""477"" data-end=""615"" data-is-last-node="""" data-is-only-node=""""><strong data-start=""477"" data-end=""490"">Material:</strong> 316L Stainless Steel with PVD Gold Coating</p>",House of Yeashi,Apparel & Accessories > Jewelry > Earrings,Earring,"BOGO, Earrings",true,Title,Default Title,,,,,,,,,0.0,shopify,3,deny,manual,400.00,,true,true,,,,,,https://cdn.shopify.com/s/files/1/0982/4505/0690/files/IMG-8259.png?v=1780118960,1,"",false,,,,,,golden; gold,stud,stainless-steel; gold-plated,,,,,,,,,kg,,94.00,active
infinity-glow-studs,,,,,,,,,,,,,,,,,,,,,,,,,,,,,,,,https://cdn.shopify.com/s/files/1/0982/4505/0690/files/IMG-8258.png?v=1780118960,2,"",,,,,,,,,,,,,,,,,,,,,
ribbon-of-grace-studs,Ribbon of Grace Studs,"<p data-start=""33"" data-end=""330"">Delicate, feminine, and effortlessly chic, the Ribbon of Grace Studs feature a timeless bow design finished in a radiant gold-tone shine. Perfect for everyday elegance or adding a charming touch to special occasions, these lightweight studs bring a subtle statement to any look.</p>
<p data-start=""332"" data-end=""470"">✨ Lightweight &amp; comfortable<br data-start=""359"" data-end=""362"">✨ Elegant bow-inspired design<br data-start=""391"" data-end=""394"">✨ Perfect for daily wear and gifting<br data-start=""430"" data-end=""433"">✨ Crafted for a polished, luxe finish</p>",House of Yeashi,Apparel & Accessories > Jewelry > Earrings,Earring,Earrings,true,Title,Default Title,,,,,,,,,0.0,shopify,4,deny,manual,350.00,,true,true,,,,,,https://cdn.shopify.com/s/files/1/0982/4505/0690/files/IMG-8256.png?v=1780118600,1,"",false,,,,,,golden; gold,stud,stainless-steel; gold-plated,,,,,,,,,kg,,77.00,active
ribbon-of-grace-studs,,,,,,,,,,,,,,,,,,,,,,,,,,,,,,,,https://cdn.shopify.com/s/files/1/0982/4505/0690/files/IMG-8255.png?v=1780118600,2,"",,,,,,,,,,,,,,,,,,,,,
vienna-gold-dangles,Vienna Gold Dangles,"<p data-start=""370"" data-end=""507"">✨ 18K Gold Plated<br data-start=""387"" data-end=""390"">✨ Stainless Steel Base<br data-start=""412"" data-end=""415"">✨ Lightweight &amp; Comfortable<br data-start=""442"" data-end=""445"">✨ Waterproof &amp; Anti-Tarnish<br data-start=""472"" data-end=""475"">✨ Hypoallergenic &amp; Skin-Friendly</p>
<p data-start=""509"" data-end=""600"" data-is-last-node="""" data-is-only-node="""">A bold yet timeless piece crafted to add a touch of luxury to your jewellery collection. 💛</p>",House of Yeashi,Apparel & Accessories > Jewelry > Earrings,Earring,Earrings,true,Title,Default Title,,,,,,,,,0.0,shopify,1,deny,manual,550.00,,true,true,,,,,,https://cdn.shopify.com/s/files/1/0982/4505/0690/files/IMG-8223.png?v=1780059513,1,"",false,,,,,,golden; gold,dangle; drop,,,,,,,,,,kg,,,active
bow-of-love-drops,Bow of Love Drops,"<p data-start=""399"" data-end=""536"">✨ 18K Gold Plated<br data-start=""416"" data-end=""419"">✨ Stainless Steel Base<br data-start=""441"" data-end=""444"">✨ Lightweight &amp; Comfortable<br data-start=""471"" data-end=""474"">✨ Waterproof &amp; Anti-Tarnish<br data-start=""501"" data-end=""504"">✨ Hypoallergenic &amp; Skin-Friendly</p>
<p data-start=""538"" data-end=""634"" data-is-last-node="""" data-is-only-node=""""><em data-start=""538"" data-end=""631"">Avoid direct contact with perfumes, hot water, and harsh chemicals to maintain their shine.</em> 💛</p>",House of Yeashi,Apparel & Accessories > Jewelry > Earrings,Earring,Earrings,true,Title,Default Title,,,,,,,,,0.0,shopify,1,deny,manual,400.00,,true,true,,,,,,https://cdn.shopify.com/s/files/1/0982/4505/0690/files/IMG-8212.png?v=1780057581,1,"",false,,,,,,golden; gold,,stainless-steel; gold-plated,,,,,,,,,kg,,,active
moonlit-charm-hoops,Moonlit Charm Hoops,"<p data-start=""364"" data-end=""657"">Delicate yet eye-catching, the <b>Moonlit Charm Hoops </b>feature polished gold-toned hoops adorned with sparkling crystal charms that catch the light beautifully. Perfect for everyday elegance or special occasions, these lightweight earrings add a touch of effortless sophistication to any look.</p>
<p data-start=""659"" data-end=""762"">✨ 18K Gold Plated<br data-start=""676"" data-end=""679"">✨ Hypoallergenic<br data-start=""695"" data-end=""698"">✨ Lightweight &amp; Comfortable<br data-start=""725"" data-end=""728"">✨ Perfect for Daily Wear &amp; Gifting</p>
<p data-start=""764"" data-end=""863"" data-is-last-node="""" data-is-only-node=""""> </p>",House of Yeashi,Apparel & Accessories > Jewelry > Earrings,Earring,Earrings,true,Title,Default Title,,,,,,,,,0.0,shopify,3,deny,manual,450.00,,true,true,,,,,,https://cdn.shopify.com/s/files/1/0982/4505/0690/files/IMG-8203.png?v=1780054777,1,"",false,,,,,,golden,hoop,stainless-steel; gold-plated,,,,,,,,,kg,,105.00,active
moonlit-charm-hoops,,,,,,,,,,,,,,,,,,,,,,,,,,,,,,,,https://cdn.shopify.com/s/files/1/0982/4505/0690/files/IMG-8204.png?v=1780054777,2,"",,,,,,,,,,,,,,,,,,,,,
icon-studs,Icon Stud,"<p data-start=""419"" data-end=""733"">Timeless elegance meets everyday sophistication. The Icon Studs feature a polished gold-tone finish with a vintage-inspired design that effortlessly elevates any look. Perfect for brunch dates, office wear, or evening outings, these statement studs bring a touch of luxury to every outfit.</p>
<p data-start=""735"" data-end=""863"">✨ Premium gold-tone finish<br data-start=""761"" data-end=""764"">✨ Lightweight &amp; comfortable<br data-start=""791"" data-end=""794"">✨ Classic statement design<br data-start=""820"" data-end=""823"">✨ Perfect for everyday and occasion wear</p>
<p data-start=""865"" data-end=""951"" data-is-last-node="""" data-is-only-node=""""><em data-start=""865"" data-end=""951"" data-is-last-node="""">Keep away from water, perfumes, and harsh chemicals to maintain shine and longevity.</em></p>",House of Yeashi,Apparel & Accessories > Jewelry > Earrings,Earring,Earrings,true,Title,Default Title,,,,,,,,,0.0,shopify,1,deny,manual,400.00,,true,true,,,,,,https://cdn.shopify.com/s/files/1/0982/4505/0690/files/IMG-8191.png?v=1780037186,1,"",false,,,,,,golden; gold,stud,,,,,,,,,,kg,,,active
rose-prism-studs,Rosè Prism Stud,"<p data-start=""329"" data-end=""686"">Add a touch of elegance to your everyday style with our <strong data-start=""385"" data-end=""405"">Rosé Prism Studs</strong>. Featuring a sparkling blush-pink crystal framed by a delicate geometric gold-tone design, these earrings bring the perfect balance of modern charm and feminine sophistication. Lightweight, versatile, and effortlessly chic, they're ideal for both daily wear and special occasions.</p>
<p data-start=""688"" data-end=""836"">✨ Elegant geometric design<br data-start=""714"" data-end=""717"">✨ Lightweight &amp; comfortable<br data-start=""744"" data-end=""747"">✨ Perfect for everyday styling<br data-start=""777"" data-end=""780"">✨ Pairs beautifully with both western and ethnic outfits</p>
<p data-start=""838"" data-end=""924"" data-is-last-node="""" data-is-only-node=""""><em data-start=""838"" data-end=""924"" data-is-last-node="""">Keep away from water, perfumes, and harsh chemicals to maintain shine and longevity.</em></p>",House of Yeashi,Apparel & Accessories > Jewelry > Earrings,Earring,"BOGO, Earrings",true,Title,Default Title,,,,,,,,,0.0,shopify,1,deny,manual,550.00,650.00,true,true,,,,,,https://cdn.shopify.com/s/files/1/0982/4505/0690/files/IMG-8188.png?v=1780036656,1,"",false,,,,,,pink,stud,gold-plated,,,,,,,,,kg,,262.00,active
candy-gem-cascade-drops,Candy Gem Cascade Drops,"<p data-start=""57"" data-end=""407"">Playful, vibrant, and full of charm, the <strong data-start=""98"" data-end=""125"">Candy Gem Cascade Drops</strong> feature a dazzling blend of colourful gemstones in a graceful cascading design. Set in a radiant gold-tone finish, these statement earrings bring together fun colours and elegant sparkle, making them perfect for brunch dates, vacations, festive celebrations, and special occasions.</p>
<p data-start=""409"" data-end=""609"">✨ Multicolour Gemstone Detailing<br data-start=""441"" data-end=""444"">✨ Gold-Tone Finish<br data-start=""462"" data-end=""465"">✨ Lightweight Statement Design<br data-start=""495"" data-end=""498"">✨ Adds a Pop of Colour to Any Outfit<br data-start=""534"" data-end=""537"">✨ Store away from water, perfumes, and harsh chemicals to preserve shine</p>",House of Yeashi,Apparel & Accessories > Jewelry > Earrings,"",Earrings,true,Title,Default Title,,,,,,,,,0.0,shopify,1,deny,manual,650.00,,true,true,,,,,,https://cdn.shopify.com/s/files/1/0982/4505/0690/files/IMG-8180.png?v=1780035373,1,"",false,,,,,,multicolor,,,,,,,,,,,kg,,155.00,active
milano-crystal-drops,Milano Crystal Drops,"<p data-start=""56"" data-end=""402"">Graceful, timeless, and effortlessly elegant, the <b>Milano Crystal Drops </b>are designed to capture the beauty of light with every movement. Featuring a stunning cascade of brilliant-cut stones set in a luxurious gold-tone finish, these statement earrings add the perfect touch of sparkle to both special occasions and elevated everyday looks.</p>
<p data-start=""404"" data-end=""631"">✨ Brilliant High-Shine Crystal Detailing<br data-start=""444"" data-end=""447"">✨ Elegant Gold-Tone Setting<br data-start=""474"" data-end=""477"">✨ Lightweight Statement Design<br data-start=""507"" data-end=""510"">✨ Perfect for Weddings, Parties &amp; Celebrations<br data-start=""556"" data-end=""559"">✨ Store away from water, perfumes, and harsh chemicals to preserve shine</p>",House of Yeashi,Apparel & Accessories > Jewelry > Earrings,"",Earrings,true,Title,Default Title,,,,,,,,,0.0,shopify,2,deny,manual,650.00,,true,true,,,,,,https://cdn.shopify.com/s/files/1/0982/4505/0690/files/IMG-8178.png?v=1780035117,1,"",false,,,,,,white,drop,,,,,,,,,,kg,,155.00,active
emerald-envy-deops,Emerald Envy Drops,"<p data-start=""24"" data-end=""379"">Turn heads with the captivating charm of the <strong data-start=""69"" data-end=""91"">Emerald Envy Drops</strong>. Featuring a graceful cascade of vibrant emerald-green stones set in a radiant gold-tone finish, these statement earrings bring together timeless elegance and modern glamour. Perfect for festive celebrations, weddings, evening soirées, or whenever your outfit deserves a touch of luxury.</p>
<p data-start=""381"" data-end=""602"">✨ Premium Gold-Tone Finish<br data-start=""407"" data-end=""410"">✨ Sparkling Emerald-Green Crystal Detailing<br data-start=""453"" data-end=""456"">✨ Lightweight Statement Design<br data-start=""486"" data-end=""489"">✨ Perfect for Festive &amp; Party Wear<br data-start=""523"" data-end=""526"">✨ Store away from water, perfumes, and harsh chemicals to preserve its shine</p>",House of Yeashi,Apparel & Accessories > Jewelry > Earrings,Earring,Earrings,true,Title,Default Title,,,,,,,,,0.0,shopify,1,deny,manual,650.00,,true,true,,,,,,https://cdn.shopify.com/s/files/1/0982/4505/0690/files/IMG-8175.png?v=1780034713,1,"",false,,,,,,green,drop,,,,,,,,,,kg,,155.00,active
aurora-mosaic-drops,Aurora Mosaic Drops,"<p data-start=""49"" data-end=""345"">A statement pair designed to turn heads, the <strong data-start=""94"" data-end=""117"">Aurora Mosaic Drops</strong> feature a stunning blend of multicolour gemstones set in a luxe gold-tone finish. The elongated silhouette adds elegance and movement, making them perfect for festive occasions, weddings, vacations, or elevating everyday looks.</p>
<p data-start=""347"" data-end=""551"">✨ 18K Gold-Plated Finish<br data-start=""371"" data-end=""374"">✨ Lightweight Statement Design<br data-start=""404"" data-end=""407"">✨ Multicolour Gemstone Detailing<br data-start=""439"" data-end=""442"">✨ Perfect for Festive &amp; Party Wear<br data-start=""476"" data-end=""479"" data-is-only-node="""">✨ Store away from water, perfumes, and harsh chemicals to maintain shine</p>",House of Yeashi,Apparel & Accessories > Jewelry > Earrings,"",Earrings,true,Title,Default Title,,,,,,,,,0.0,shopify,0,deny,manual,650.00,,true,true,,,,,,https://cdn.shopify.com/s/files/1/0982/4505/0690/files/IMG-8172.png?v=1780034292,1,"",false,,,,,,,drop,,,,,,,,,,kg,,182.00,active
elysian-gold-drop-statement-earrings,Elysian Gold Drop Statement Earrings,"<p data-start=""24"" data-end=""304"">Make a statement with the timeless elegance of our Elysian Gold Drops. Designed with a sleek sculpted silhouette and a radiant gold finish, these earrings effortlessly elevate both everyday and occasion looks. Lightweight yet bold, they add a touch of modern luxury to any outfit.</p>
<p data-start=""306"" data-end=""423"">✨ 18K Gold Plated<br data-start=""323"" data-end=""326"">✨ Lightweight &amp; Comfortable<br data-start=""353"" data-end=""356"">✨ Premium Statement Design<br data-start=""382"" data-end=""385"">✨ Perfect for Casual &amp; Occasion Wear</p>
<p data-start=""425"" data-end=""525"" data-is-last-node="""" data-is-only-node=""""><strong data-start=""425"" data-end=""434"">Care:</strong> Keep away from water, perfumes, and harsh chemicals to maintain their shine and beauty. 💛</p>",House of Yeashi,Apparel & Accessories > Jewelry > Earrings,Earring,Earrings,true,Title,Default Title,,,,,,,,,0.0,shopify,1,deny,manual,650.00,,true,true,,,,,,https://cdn.shopify.com/s/files/1/0982/4505/0690/files/IMG-8164.png?v=1780033095,1,"",false,,,,,,golden; geometric; gold,dangle,,,,,,,,,,kg,,200.00,active
jade-romance-stud,Jade Romance Stud,"<p data-start=""24"" data-end=""353"">Fall in love with timeless elegance. The Jade Romance Studs feature a radiant emerald-green heart stone framed by shimmering crystals, creating the perfect balance of sophistication and charm. Designed to add a subtle pop of color and sparkle, these earrings effortlessly elevate both everyday looks and special occasion outfits.</p>
<p data-start=""355"" data-end=""555"">✨ Premium Stainless Steel<br data-start=""380"" data-end=""383"">✨ 18K Gold Plated Finish<br data-start=""407"" data-end=""410"">✨ Heart-Cut Emerald Green Stone<br data-start=""441"" data-end=""444"">✨ Sparkling Crystal Halo Design<br data-start=""475"" data-end=""478"">✨ Lightweight &amp; Comfortable for Daily Wear<br data-start=""520"" data-end=""523"">✨ Hypoallergenic &amp; Skin-Friendly</p>
<p data-start=""557"" data-end=""646"">A romantic statement piece crafted for those who love classic beauty with a modern touch.</p>
<p data-start=""648"" data-end=""806"" data-is-last-node="""" data-is-only-node=""""><strong data-start=""648"" data-end=""661"">Material:</strong> 316L Stainless Steel | 18K Gold Plated<br data-start=""700"" data-end=""703""><strong data-start=""703"" data-end=""712"">Care:</strong> Keep away from hot water, perfumes, and harsh chemicals to preserve its shine and beauty. 💚✨</p>",House of Yeashi,Apparel & Accessories > Jewelry > Earrings,Earring,"BOGO, Earrings",true,Title,Default Title,,,,,,,,,0.0,shopify,2,deny,manual,350.00,,true,true,,,,,,https://cdn.shopify.com/s/files/1/0982/4505/0690/files/IMG-8160.png?v=1780032418,1,"",false,,,,,,,,,,,,,,,,,kg,,,active
nova-frame-studs,Nova Frame Stud,"<p data-start=""29"" data-end=""324"">Elevate your everyday style with the Nova Frame Earrings. Designed with a sleek modern silhouette and a polished gold-tone finish, these statement studs add a touch of effortless sophistication to any look. Lightweight yet striking, they're perfect for both daily wear and special occasions.</p>
<p data-start=""326"" data-end=""464"">✨ Premium Stainless Steel<br data-start=""351"" data-end=""354"">✨ 18K Gold Plated<br data-start=""371"" data-end=""374"">✨ Hypoallergenic &amp; Skin-Friendly<br data-start=""406"" data-end=""409"">✨ Lightweight &amp; Comfortable<br data-start=""436"" data-end=""439"">✨ Modern Geometric Design</p>
<p data-start=""466"" data-end=""573"" data-is-last-node="""" data-is-only-node=""""><strong data-start=""466"" data-end=""475"">Care:</strong> Avoid contact with hot water, perfumes, and harsh chemicals to maintain their shine and finish. ✨</p>",House of Yeashi,Apparel & Accessories > Jewelry > Earrings,Earring,Earrings,true,Title,Default Title,,,,,,,,,0.0,shopify,2,deny,manual,400.00,,true,true,,,,,,https://cdn.shopify.com/s/files/1/0982/4505/0690/files/IMG-8156.png?v=1780031797,1,"",false,,,,,,golden; geometric,,stainless-steel; gold-plated,,,,,,,,,kg,,121.00,active
nova-frame-studs,,,,,,,,,,,,,,,,,,,,,,,,,,,,,,,,https://cdn.shopify.com/s/files/1/0982/4505/0690/files/IMG-8157.png?v=1780031849,2,"",,,,,,,,,,,,,,,,,,,,,
celeste-bow-stud,Celeste Bow Stud,"<p data-start=""361"" data-end=""581"">Delicate and elegant, these crystal-studded bow earrings add a touch of sparkle to every look. Designed with a graceful silhouette and a radiant gold finish, they're perfect for everyday wear and special occasions alike.</p>
<p data-start=""583"" data-end=""683""><strong data-start=""583"" data-end=""596"">Material:</strong> 18K Gold Plated | Crystal Embellishments<br data-start=""637"" data-end=""640""><strong data-start=""640"" data-end=""650"">Style:</strong> Chic • Feminine • Lightweight 💖<br><br><strong data-start=""349"" data-end=""371"">Care Instructions:</strong><span> To maintain their shine and beauty, keep away from hot water, perfumes, and harsh chemicals. Store in a dry place when not in use. ✨💕</span></p>",House of Yeashi,Apparel & Accessories > Jewelry > Earrings,Earring,Earrings,true,Title,Default Title,,,,,,,,,0.0,shopify,2,deny,manual,450.00,,true,true,,,,,,https://cdn.shopify.com/s/files/1/0982/4505/0690/files/IMG-8146.png?v=1780031057,1,"",false,,,,,,,,,,,,,,,,,kg,,138.00,active
cupid-s-spark-earrings,Cupid’s Spark Earrings,"<p data-start=""35"" data-end=""195"">Add a touch of romance to your look with these dazzling heart-shaped crystal studs. Elegant, lightweight, and perfect for everyday sparkle or special occasions.</p>
<p data-start=""197"" data-end=""297"" data-is-last-node="""" data-is-only-node=""""><strong data-start=""197"" data-end=""210"">Material:</strong> 18K Gold Plated | Crystal Embellishments<br data-start=""251"" data-end=""254""><strong data-start=""254"" data-end=""264"" data-is-only-node="""">Style:</strong> Elegant • Feminine • Timeless 💖</p>",House of Yeashi,Apparel & Accessories > Jewelry > Earrings,"","BOGO, Earrings",true,Title,Default Title,,,,,,,,,0.0,shopify,1,deny,manual,400.00,550.00,true,true,,,,,,https://cdn.shopify.com/s/files/1/0982/4505/0690/files/IMG-8142.png?v=1780030467,1,"",false,,,,,,golden,stud,gold-plated; stainless-steel,,,,,,,,,kg,,350.00,active
cupid-s-spark-earrings,,,,,,,,,,,,,,,,,,,,,,,,,,,,,,,,https://cdn.shopify.com/s/files/1/0982/4505/0690/files/IMG-8141.png?v=1780030466,2,"",,,,,,,,,,,,,,,,,,,,,
evil-eye-luxe-bracelet,Evil Eye Luxe Bracelet,"<p data-start=""32"" data-end=""294"">Add a touch of elegance and protection to your everyday look with our Evil Eye Luxe Bracelet. Crafted with a premium gold-tone twisted cable design, sparkling crystal accents, and iconic evil eye charms, this bracelet is the perfect blend of classy and trendy.</p>
<p data-start=""296"" data-end=""432"">Made for daily wear, it’s lightweight, stylish, and effortlessly elevates every outfit — from casual brunch dates to festive evenings.</p>
<p data-start=""434"" data-end=""598"">• Premium stainless steel base<br data-start=""464"" data-end=""467"">• 18K gold plated finish<br data-start=""491"" data-end=""494"">• Anti-tarnish &amp; waterproof<br data-start=""521"" data-end=""524"">• Hypoallergenic &amp; skin-friendly<br data-start=""556"" data-end=""559"">• Adjustable fit for comfortable wear</p>
<p data-start=""600"" data-end=""665"" data-is-last-node="""" data-is-only-node="""">A timeless statement piece designed to shine with you every day ✨</p>",House of Yeashi,Apparel & Accessories > Jewelry,"",bracelet,true,Title,Default Title,,,,,,,,,0.0,shopify,1,deny,manual,699.00,999.00,true,true,,,,,,https://cdn.shopify.com/s/files/1/0982/4505/0690/files/IMG-8045.png?v=1779895561,1,"",false,,,,,,,,,,,,,,,,,kg,,180.00,active
untitled-may26_11-58-17,Untitled May26_11:58:17,,House of Yeashi,,"","",false,Title,Default Title,,,,,,,,,0.0,shopify,0,deny,manual,0.00,,true,true,,,,,,,,,false,,,,,,,,,,,,,,,,,kg,,,draft
velisse-bracelet,Velisse Bracelet| 316L Gold Plated Bracelet,"<p data-start=""26"" data-end=""336"">A graceful statement piece designed with a modern wave silhouette and shimmering crystal detailing. The Velisse Bracelet adds the perfect touch of elegance to both everyday looks and special occasions. Crafted to shine beautifully with every movement, this bracelet blends minimal luxury with timeless charm.</p>
<p data-start=""338"" data-end=""508"">• Elegant wave design<br data-start=""359"" data-end=""362"">• Studded with sparkling crystals<br data-start=""395"" data-end=""398"">• Lightweight &amp; comfortable fit<br data-start=""429"" data-end=""432"">• Perfect for daily wear &amp; gifting<br data-start=""466"" data-end=""469"">• Premium gold finish for a luxe look</p>
<p data-start=""510"" data-end=""578"" data-is-last-node="""" data-is-only-node="""">A must-have piece for girls who love classy, effortless jewellery 💫</p>",House of Yeashi,Apparel & Accessories > Jewelry > Bracelets,"",bracelet,true,Title,Default Title,,,,,,,,,0.0,shopify,1,deny,manual,1299.00,1500.00,true,true,,,,,,https://cdn.shopify.com/s/files/1/0982/4505/0690/files/IMG-7892.png?v=1779762373,1,"",false,,,,adults,bangle,gold,,gold-plated,imitation-jewelry,,female,,,,,,kg,,350.00,active
velisse-bracelet,,,,,,,,,,,,,,,,,,,,,,,,,,,,,,,,https://cdn.shopify.com/s/files/1/0982/4505/0690/files/IMG-7893.png?v=1779762645,2,"",,,,,,,,,,,,,,,,,,,,,
untitled-may25_21-45-02,Untitled May25_21:45:02,"<p data-start=""33"" data-end=""361"">Delicate, minimal, and effortlessly elegant — the Golden Glow  Bracelet is designed to add a subtle golden glow to your everyday look. Featuring fine dual-chain detailing with dainty gold bead accents, this bracelet blends timeless charm with modern sophistication. Perfect for stacking or wearing solo for a soft luxe vibe.</p>
<p data-start=""363"" data-end=""568"">• Elegant multi-strand design<br data-start=""392"" data-end=""395"">• Lightweight &amp; comfortable for daily wear<br data-start=""437"" data-end=""440"">• Adjustable fit for the perfect sizing<br data-start=""479"" data-end=""482"">• Minimal aesthetic with a premium finish<br data-start=""523"" data-end=""526"">• Perfect for everyday styling &amp; gifting</p>
<p data-start=""570"" data-end=""640"" data-is-last-node="""" data-is-only-node="""">A graceful piece made to elevate every outfit with understated beauty.</p>",House of Yeashi,,"",bracelet,false,Title,Default Title,,,,,,,,,0.0,shopify,0,deny,manual,899.00,,true,true,,,,,,,,,false,,,,,,,,,,,,,,,,,kg,,290.00,draft
isla-crystal-ring,Isla Crystal Ring,"<p data-start=""25"" data-end=""325""> </p>
<p data-start=""495"" data-end=""659"">✅ Free Size — Adjustable to fit most fingers<br>✨ Adjustable fit<br data-start=""511"" data-end=""514"">✨ Sparkling crystal detailing<br data-start=""543"" data-end=""546"">✨ Luxe gold-tone finish<br data-start=""569"" data-end=""572"">✨ Elegant shell-inspired design<br data-start=""603"" data-end=""606"">✨ Perfect for parties, brunch dates &amp; everyday glam</p>
<p data-start=""661"" data-end=""730"" data-is-last-node="""" data-is-only-node="""">A little touch of golden ocean magic for your jewellery collection 💫</p>",House of Yeashi,Apparel & Accessories > Jewelry > Rings,"",Finger Ring,true,Title,Default Title,,,,,,,,,0.0,shopify,1,deny,manual,1199.00,,true,true,,,,,,https://cdn.shopify.com/s/files/1/0982/4505/0690/files/IMG-7883.png?v=1779723463,1,"",false,,,,,,golden; dots; gold,,stainless-steel; gold-plated,,,,,,,,,kg,,450.00,active
isla-crystal-ring,,,,,,,,,,,,,,,,,,,,,,,,,,,,,,,,https://cdn.shopify.com/s/files/1/0982/4505/0690/files/IMG-7882.png?v=1779723463,2,"",,,,,,,,,,,,,,,,,,,,,
halo-bloom-multicolour-ring,Halo Bloom Multicolour Ring,"<p data-start=""34"" data-end=""375"">Delicate sparkle meets timeless elegance with our <em data-start=""84"" data-end=""112"">Halo Bloom Adjustable Ring</em>. Designed with a graceful circle of shimmering stones set in a luxe gold finish, this ring adds the perfect touch of glam to your everyday style. Its adjustable open design ensures a comfortable fit while making it effortlessly chic for stacking or wearing solo.</p>
<p data-start=""377"" data-end=""514"">Crafted from premium <strong data-start=""398"" data-end=""422"">316L stainless steel</strong> with <strong data-start=""428"" data-end=""448"">PVD gold coating</strong>, this piece is waterproof, anti-tarnish, and made for daily wear.</p>
<ul data-start=""516"" data-end=""681"" data-is-last-node="""" data-is-only-node="""">
<li data-start=""516"" data-end=""540"">Adjustable free size</li>
<li data-start=""541"" data-end=""565"">316L Stainless Steel</li>
<li data-start=""566"" data-end=""585"">PVD Gold Coated</li>
<li data-start=""586"" data-end=""615"">Anti-Tarnish &amp; Waterproof</li>
<li data-start=""616"" data-end=""647"">Lightweight &amp; Skin-Friendly</li>
<li data-start=""648"" data-end=""681"" data-is-last-node="""">Perfect for everyday elegance ✨</li>
</ul>",House of Yeashi,Apparel & Accessories > Jewelry > Rings,"",Finger Ring,true,Title,Default Title,,,,,,,,,0.0,shopify,1,deny,manual,1199.00,,true,true,,,,,,https://cdn.shopify.com/s/files/1/0982/4505/0690/files/1690861D-2422-45A1-A1BA-868E536B660B.png?v=1779707478,1,"",false,,,,,,,,,,,,,,,,,kg,,450.00,active
untitled-may25_16-41-04,Untitled May25_16:41:04,,House of Yeashi,,"","",false,Title,Default Title,,,,,,,,,0.0,shopify,0,deny,manual,0.00,,true,true,,,,,,,,,false,,,,,,,,,,,,,,,,,kg,,,draft
halo-bloom-adjustable-ring,Halo Bloom Adjustable Ring,"<p data-start=""34"" data-end=""375"">Delicate sparkle meets timeless elegance with our <em data-start=""84"" data-end=""112"">Halo Bloom Adjustable Ring</em>. Designed with a graceful circle of shimmering stones set in a luxe gold finish, this ring adds the perfect touch of glam to your everyday style. Its adjustable open design ensures a comfortable fit while making it effortlessly chic for stacking or wearing solo.</p>
<p data-start=""377"" data-end=""514"">Crafted from premium <strong data-start=""398"" data-end=""422"">316L stainless steel</strong> with <strong data-start=""428"" data-end=""448"">PVD gold coating</strong>, this piece is waterproof, anti-tarnish, and made for daily wear.</p>
<ul data-start=""516"" data-end=""681"" data-is-last-node="""" data-is-only-node="""">
<li data-start=""516"" data-end=""540"">Adjustable free size</li>
<li data-start=""541"" data-end=""565"">316L Stainless Steel</li>
<li data-start=""566"" data-end=""585"">PVD Gold Coated</li>
<li data-start=""586"" data-end=""615"">Anti-Tarnish &amp; Waterproof</li>
<li data-start=""616"" data-end=""647"">Lightweight &amp; Skin-Friendly</li>
<li data-start=""648"" data-end=""681"" data-is-last-node="""">Perfect for everyday elegance ✨</li>
</ul>",House of Yeashi,Apparel & Accessories > Jewelry > Rings,Ring,"",true,Title,Default Title,,,,,,,,,0.0,shopify,1,deny,manual,1199.00,,true,true,,,,,,https://cdn.shopify.com/s/files/1/0982/4505/0690/files/559CE4B2-A007-4038-B22F-A5ACF16A53B3.png?v=1779706476,1,"",false,,,,,,,,gold-plated; stainless-steel,,,unisex,,,,,,kg,,450.00,active
halo-bloom-adjustable-ring,,,,,,,,,,,,,,,,,,,,,,,,,,,,,,,,https://cdn.shopify.com/s/files/1/0982/4505/0690/files/4BB98DAE-676E-4CB0-9E05-43B698DEBD16.png?v=1779706476,2,"",,,,,,,,,,,,,,,,,,,,,
elara-solitaire,Elara Solitaire,"<p data-start=""28"" data-end=""315"">A timeless statement piece designed to add effortless elegance to your everyday look. Featuring a dazzling solitaire-cut stone set on a sleek gold-toned band, the Elara Solitaire Ring blends minimal beauty with luxurious charm. Perfect for daily wear, date nights, and special occasions.</p>
<p data-start=""317"" data-end=""528"" data-is-last-node="""" data-is-only-node="""">• Premium 316L Stainless Steel<br data-start=""347"" data-end=""350"">• PVD Coated for long-lasting shine<br data-start=""385"" data-end=""388"" data-is-only-node="""">• Elegant solitaire design<br data-start=""414"" data-end=""417"">• Lightweight &amp; comfortable<br data-start=""444"" data-end=""447"">• Free size – adjustable fit<br data-start=""475"" data-end=""478"">• Tarnish-resistant &amp; perfect for everyday styling</p>",House of Yeashi,Apparel & Accessories > Jewelry > Rings,Ring,"",true,Title,Default Title,,,,,,,,,0.0,shopify,1,deny,manual,1199.00,,true,true,,,,,,https://cdn.shopify.com/s/files/1/0982/4505/0690/files/IMG-7861.png?v=1779705958,1,"",false,,,,,,,,,,,unisex,,,,,,kg,,450.00,active
elara-solitaire,,,,,,,,,,,,,,,,,,,,,,,,,,,,,,,,https://cdn.shopify.com/s/files/1/0982/4505/0690/files/IMG-7859.png?v=1779705958,2,"",,,,,,,,,,,,,,,,,,,,,
premium-jewellery-hamper-box,Premium Jewellery Hamper Box,"<p data-start=""0"" data-end=""54"">✨ <strong data-start=""2"" data-end=""50"">House of Yeashi Premium Jewellery Hamper Box</strong> ✨</p>
<p data-start=""56"" data-end=""295"">The ultimate self-care &amp; gifting hamper filled with trendy accessories, premium jewellery, and cute essentials 💖<br data-start=""169"" data-end=""172"">Perfect for pampering yourself or surprising someone special — all for just <strong data-start=""248"" data-end=""291"">₹3499 with FREE shipping all over India</strong>🚚✨</p>
<p data-start=""297"" data-end=""318"">🎀 <strong data-start=""300"" data-end=""318"">What’s Inside?</strong></p>
<ul data-start=""319"" data-end=""792"">
<li data-start=""319"" data-end=""365"">2 High-Quality Neck Chains worth ₹400 each</li>
<li data-start=""366"" data-end=""407"">1 Pair of Premium Earrings worth ₹400</li>
<li data-start=""408"" data-end=""446"">1 Anti-Tarnish Bracelet worth ₹550</li>
<li data-start=""447"" data-end=""478"">Set of 3 Bangles worth ₹500</li>
<li data-start=""479"" data-end=""508"">1 Stylish Ring worth ₹350</li>
<li data-start=""509"" data-end=""546"">1 Big Flower Claw Clip worth ₹100</li>
<li data-start=""547"" data-end=""585"">1 Small Flower Claw Clip worth ₹50</li>
<li data-start=""586"" data-end=""624"">1 Tulip Flower Hair Pin worth ₹150</li>
<li data-start=""625"" data-end=""665"">1 Makeup Sponge with Case worth ₹200</li>
<li data-start=""666"" data-end=""710"">1 Sheet Mask worth ₹100 (random variant)</li>
<li data-start=""711"" data-end=""746"">1 Evil Eye Bag Charm worth ₹200</li>
<li data-start=""747"" data-end=""792"">1 Reusable Magnetic Hamper Box worth ₹200</li>
</ul>
<p data-start=""794"" data-end=""921"">✨ Total value worth ₹3600+ — available for just <strong data-start=""842"" data-end=""851"">₹3499</strong> beautifully packed in our aesthetic reusable magnetic hamper box 🎁</p>
<p data-start=""923"" data-end=""1055"" data-is-last-node="""" data-is-only-node="""">All our hamper boxes are fully customisable — add pictures, extra products, fairy lights, gift notes &amp; more at additional charges 💕</p>",House of Yeashi,Apparel & Accessories > Jewelry,"","",true,Title,Default Title,,,,,,,,,0.0,shopify,5,deny,manual,3999.00,,true,true,,,,,,https://cdn.shopify.com/s/files/1/0982/4505/0690/files/IMG-7691.png?v=1779520384,1,"",false,,,,,,,,,,,,,,,,,kg,,,active
jewellery-gift-box,Jewellery Gift Box,"<p data-start=""0"" data-end=""46"">✨ <strong data-start=""2"" data-end=""42"">House of Yeashi Jewellery Hamper Box</strong> ✨</p>
<p data-start=""48"" data-end=""234"">The perfect jewellery hamper for self-pampering or gifting someone special 💖<br data-start=""125"" data-end=""128"">Packed with premium-quality, trendy accessories — all for just <strong data-start=""191"" data-end=""232"">₹1199 with FREE shipping across India</strong> ✨</p>
<p data-start=""236"" data-end=""257"">🎀 <strong data-start=""239"" data-end=""257"">What’s Inside?</strong></p>
<ul data-start=""258"" data-end=""433"">
<li data-start=""258"" data-end=""291"">2 Neck Chains worth ₹400 each</li>
<li data-start=""292"" data-end=""330"">1 Anti-Tarnish Bracelet worth ₹400</li>
<li data-start=""331"" data-end=""358"">2 Rings worth ₹350 each</li>
<li data-start=""359"" data-end=""392"">1 Pair of Earrings worth ₹350</li>
<li data-start=""393"" data-end=""433"">1 Jewellery Organiser Box worth ₹400</li>
</ul>
<p data-start=""435"" data-end=""463"">✨ Total value worth ₹2500+</p>
<p data-start=""465"" data-end=""580"" data-is-last-node="""" data-is-only-node="""">Our hamper is fully customisable — you can add more products at extra charges and also choose gift box packaging 🎁</p>",House of Yeashi,Apparel & Accessories > Jewelry,"","",true,Title,Default Title,,,,,,,,,0.0,shopify,10,deny,manual,1199.00,,true,true,,,,,,https://cdn.shopify.com/s/files/1/0982/4505/0690/files/IMG-7682.png?v=1779518692,1,"",false,,,,,,,,,,,,,,,,,kg,,,active
seashell-sorbet-earrings,Seashell Sorbet Earrings,"<p data-start=""38"" data-end=""270"">Add a playful coastal charm to your everyday look with the Seashell Sorbet Earrings. Featuring dreamy pastel shell-inspired charms paired with elegant golden hoops, these earrings are the perfect mix of cute, luxe, and summer-ready.</p>
<p data-start=""272"" data-end=""426"">Inspired by ocean treasures and soft sunset shades, they instantly brighten any outfit — from beach vacations to brunch dates and casual everyday styling.</p>
<p data-start=""428"" data-end=""588"">✨ Anti-tarnish<br data-start=""442"" data-end=""445"">✨ Lightweight &amp; comfortable<br data-start=""472"" data-end=""475"">✨ Waterproof &amp; everyday wear friendly<br data-start=""512"" data-end=""515"">✨ 18K gold plated on stainless steel<br data-start=""551"" data-end=""554"">✨ Hypoallergenic &amp; skin friendly</p>
<p data-start=""590"" data-end=""649"" data-is-last-node="""" data-is-only-node="""">A little piece of the ocean with a sweet pastel twist. 🌊💖</p>",House of Yeashi,Apparel & Accessories > Jewelry > Earrings,Jewellery,Earrings,true,Title,Default Title,,,,,,,,,0.0,shopify,2,deny,manual,1099.00,,true,true,,,,,,https://cdn.shopify.com/s/files/1/0982/4505/0690/files/IMG-7645.png?v=1779452793,1,"",false,,,,,,,,,,,,,,,,,kg,,450.00,active
seashell-sorbet-earrings,,,,,,,,,,,,,,,,,,,,,,,,,,,,,,,,https://cdn.shopify.com/s/files/1/0982/4505/0690/files/IMG-7644.png?v=1779452794,2,"",,,,,,,,,,,,,,,,,,,,,
ocean-muse-layered-necklace,Ocean Muse Layered Necklace,"<p data-start=""35"" data-end=""291"">Bring effortless coastal elegance to your everyday style with the Ocean Muse Layered Necklace. Designed with delicate pearl detailing, dainty golden chains, and a charming starfish pendant, this piece captures the beauty of sunlit shores and ocean breezes.</p>
<p data-start=""293"" data-end=""431"">Perfect for layering lovers, beach vacations, brunch dates, and dreamy summer outfits, this necklace adds a soft luxe touch to every look.</p>
<p data-start=""433"" data-end=""593"">✨ Anti-tarnish<br data-start=""447"" data-end=""450"">✨ Lightweight &amp; comfortable<br data-start=""477"" data-end=""480"">✨ Waterproof &amp; everyday wear friendly<br data-start=""517"" data-end=""520"">✨ 18K gold plated on stainless steel<br data-start=""556"" data-end=""559"">✨ Hypoallergenic &amp; skin friendly</p>
<p data-start=""595"" data-end=""675"" data-is-last-node="""" data-is-only-node="""">A timeless piece made for the girls who love soft glam with a seaside soul. 🌊🤍</p>",House of Yeashi,Apparel & Accessories > Jewelry,"","",true,Title,Default Title,,,,,,,,,0.0,shopify,1,deny,manual,1199.00,,true,true,,,,,,https://cdn.shopify.com/s/files/1/0982/4505/0690/files/IMG-7642.png?v=1779451779,1,"",false,,,,,,,,,,,unisex,,,,,,kg,,450.00,active
serpentina-layered-necklace,Serpentina Layered Necklace,"<p data-start=""417"" data-end=""743"">Elevate your everyday look with our <strong data-start=""453"" data-end=""484"">Serpentina Layered Necklace</strong> — a delicate double-layered design featuring a sparkling solitaire charm paired with an elegant serpent pendant. Crafted for the modern girl who loves minimal glamour with a bold twist, this piece adds the perfect statement to both casual and dressy outfits.</p>
<p data-start=""745"" data-end=""840"">✨ Anti-tarnish<br data-start=""759"" data-end=""762"">✨ Waterproof<br data-start=""774"" data-end=""777"">✨ Hypoallergenic<br data-start=""793"" data-end=""796"">✨ 18K Gold Plated<br data-start=""813"" data-end=""816"">✨ Stainless Steel Base</p>
<p data-start=""842"" data-end=""894"" data-is-last-node="""" data-is-only-node="""">Perfect for layering lovers and everyday styling. 💛</p>",House of Yeashi,Apparel & Accessories > Jewelry > Necklaces,Jewellery,"Jewellery, Necklace",true,Title,Default Title,,,,,,,,,0.0,shopify,1,deny,manual,550.00,,true,true,,,,,,https://cdn.shopify.com/s/files/1/0982/4505/0690/files/IMG-7509.png?v=1779352694,1,"",false,,,,,,,,,,,,,,,,,kg,,150.00,active
serpentina-layered-necklace,,,,,,,,,,,,,,,,,,,,,,,,,,,,,,,,https://cdn.shopify.com/s/files/1/0982/4505/0690/files/87660644-078B-40F4-B012-57E1BEDD67DE.png?v=1779352705,2,"",,,,,,,,,,,,,,,,,,,,,
untitled-may15_09-54-42,Untitled May15_09:54:42,,House of Yeashi,,"","",false,Title,Default Title,,,,,,,,,0.0,shopify,0,deny,manual,0.00,,true,true,,,,,,,,,false,,,,,,,,,,,,,,,,,kg,,,draft
rainbow-bagutte-stack,Rainbow bagutte adjustable stack,"<p>wristful of colour. Our Rainbow Baguette Stack (set of 3) Bracelet features crystal-clear baguette stones set in a sleek row, arranged in a spectrum of shades that catch the light with every movement. Bold enough to stand alone, refined enough to stack with your everyday favourites.</p>
<p>Its openable bracelet fits all sizes</p>",House of Yeashi,Apparel & Accessories > Jewelry > Bracelets,"","bracelet, Jewellery, Necklace",true,Title,Default Title,,,,,,,,,0.0,shopify,1,deny,manual,550.00,,true,true,,,,,,https://cdn.shopify.com/s/files/1/0982/4505/0690/files/IMG-7169.jpg?v=1778683409,1,"",false,,,,,,,,,,,,,,,,,kg,,,active
untitled-may2_22-24,Untitled May2_22:24,"<p>Inspired by vintage cameo brooches, this statement stud sets a luminous baroque pearl within a hand-textured gold frame of twisted rope and scalloped edges. Substantial without being heavy, it brings instant polish to a linen shirt and quiet glamour to an evening sari. A piece that feels found rather than bought.</p>
<p> </p>
<p>Handle pearls with love.</p>
<p> </p>",House of Yeashi,,"","",false,Title,Default Title,,,,,,,,,0.0,shopify,0,deny,manual,0.00,,true,true,,,,,,,,,false,,,,,,,,,,,,,,,,,kg,,,draft
pearl-necklace,Pearl Necklace,"<p>A pearl, a sparkle, a story ✨</p>
<p>The Pearl Necklace is the piece that quietly takes over the room. A crystal kissing a baroque pearl — soft, luminous, slightly imperfect in the way real things are. The kind of necklace your daughter will steal one day.</p>
<p>✨ Why you'll love it<br>• Anti-tarnish 316L stainless steel — won't turn green, won't fade, won't quit on you<br>• Waterproof, sweatproof, sleep-in-it proof<br>• Hypoallergenic — safe for sensitive skin<br>• The baroque pearl means no two pieces are exactly alike</p>
<p>📏 The details<br>• Material: 316L stainless steel with PVD gold plating<br>• Lobster clasp closure</p>
<p>💌 Care<br>Wipe with a soft cloth after wearing. Store in the pouch we send with it. That's it.</p>
<p>Ships pan-India in 2–3 business days.</p>",House of Yeashi,Apparel & Accessories > Jewelry > Necklaces,Jewellery,"",true,Title,Default Title,,,,,,,,,0.0,shopify,0,deny,manual,400.00,,true,true,,,,,,https://cdn.shopify.com/s/files/1/0982/4505/0690/files/6F17B6FD-603D-4646-B698-51441922BDCD.jpg?v=1777376520,1,"",false,,,,adults,,gold,,stainless-steel; gold-plated,imitation-jewelry,pendant,female,,,,,,kg,,,active
pearl-necklace,,,,,,,,,,,,,,,,,,,,,,,,,,,,,,,,https://cdn.shopify.com/s/files/1/0982/4505/0690/files/04B52EF7-2CC5-48F6-AFA7-2D7589C98B22.jpg?v=1777376521,2,"",,,,,,,,,,,,,,,,,,,,,
bow-necklace,Bow Necklace,"<p>A little bow, a lot of grace ✨</p>
<p>✨ Why you'll love it<br>• Anti-tarnish 316L stainless steel — won't turn green, won't fade, won't quit on you<br>• Waterproof, sweatproof, sleep-in-it proof<br>• Hypoallergenic — safe for sensitive skin</p>
<p>📏 The details<br>• Material: 316L stainless steel with PVD gold plating<br>• Lobster clasp closure</p>
<p>💌 Care<br>Wipe with a soft cloth after wearing. Store in the pouch we send with it. That's it.</p>
<p>Ships pan-India in 2–3 business days</p>",House of Yeashi,Apparel & Accessories > Jewelry > Necklaces,Jewellery,"BOGO, Jewellery, Necklace",true,Title,Default Title,,,,,,,,,0.0,shopify,3,deny,manual,400.00,,true,true,,,,,,https://cdn.shopify.com/s/files/1/0982/4505/0690/files/IMG-0169.png?v=1782746749,1,"",false,,,,,,,,,,,,,,,,,kg,,0.00,active
bow-necklace,,,,,,,,,,,,,,,,,,,,,,,,,,,,,,,,https://cdn.shopify.com/s/files/1/0982/4505/0690/files/IMG-0168.png?v=1782746749,2,"",,,,,,,,,,,,,,,,,,,,,
saagar-necklace,Ocean Necklace,"<p>A piece of the sea, on you ✨</p>
<p>The Ocean Necklace is the kind of piece that catches eyes across a room. A soft aqua stone set in warm gold — the colour of summer holidays and slow afternoons.</p>
<p>✨ Why you'll love it<br>• Anti-tarnish 316L stainless steel — won't turn green, won't fade, won't quit on you<br>• Waterproof, sweatproof, sleep-in-it proof<br>• Hypoallergenic — safe for sensitive skin<br>• The aqua stone catches light differently in every room</p>
<p>📏 The details<br>• Material: 316L stainless steel with PVD gold plating<br>• Lobster clasp closure</p>
<p>💌 Care<br>Wipe with a soft cloth after wearing. Store in the pouch we send with it. That's it.</p>
<p>Ships pan-India in 2–3 business days.</p>",House of Yeashi,Apparel & Accessories > Jewelry > Necklaces,"","Jewellery, Necklace",true,Title,Default Title,,,,,,,,,0.0,shopify,1,deny,manual,450.00,0.00,true,true,,,,,,https://cdn.shopify.com/s/files/1/0982/4505/0690/files/IMG-0134.png?v=1782741679,1,"",false,,,,,,,,,,,,,,,,,kg,,,active
saagar-necklace,,,,,,,,,,,,,,,,,,,,,,,,,,,,,,,,https://cdn.shopify.com/s/files/1/0982/4505/0690/files/IMG-0135.png?v=1782741680,2,"",,,,,,,,,,,,,,,,,,,,,
teen-pari-necklace,Stella Luxe Trinity Necklace,"<p>Three rings, one wish ✨</p>
<p>The Teen Pari Necklace is for the girl who can't pick just one. Three crystal-studded rings, threaded on a delicate chain — they shift, they shimmer, they refuse to sit still.</p>
<p>✨ Why you'll love it<br>• Anti-tarnish 316L stainless steel — won't turn green, won't fade, won't quit on you<br>• Waterproof, sweatproof, sleep-in-it proof<br>• Hypoallergenic — safe for sensitive skin</p>
<p>📏 The details<br>• Material: 316L stainless steel with PVD gold plating<br>• Lobster clasp closure</p>
<p>💌 Care<br>Wipe with a soft cloth after wearing. Store in the pouch we send with it. That's it.</p>
<p>Ships pan-India in 2–3 business days. </p>",House of Yeashi,Apparel & Accessories > Jewelry > Necklaces,Necklace,"Jewellery, Necklace",true,Title,Default Title,,,,,,,,,0.0,shopify,3,deny,manual,500.00,,true,true,,,,,,https://cdn.shopify.com/s/files/1/0982/4505/0690/files/IMG-0141.png?v=1782743150,1,"",false,,,,,,,,,,,,,,,,,kg,,,active
teen-pari-necklace,,,,,,,,,,,,,,,,,,,,,,,,,,,,,,,,https://cdn.shopify.com/s/files/1/0982/4505/0690/files/IMG-0140_c55e5f1a-180c-492f-abb5-27e341b8a802.png?v=1782743149,2,"",,,,,,,,,,,,,,,,,,,,,
lakeer-necklace,Lakeer Necklace,"<p>A delicate line that holds it all together ✨</p>
<p>The Aria Spark necklace  is the piece you wear when you want to feel put-together without trying. A smooth curved bar finished with a single crystal — quiet, confident, hard to miss.</p>
<p>💌 Care<br>Wipe with a soft cloth after wearing. Store in the pouch we send with it. That's it.</p>
<p>Ships pan-India in 2–3 business days</p>",House of Yeashi,Apparel & Accessories > Jewelry > Necklaces,"","Jewellery, Necklace",true,Title,Default Title,,,,,,,,,0.0,shopify,0,deny,manual,350.00,500.00,true,true,,,,,,https://cdn.shopify.com/s/files/1/0982/4505/0690/files/IMG-0171_194354b1-106e-4f7b-ba40-f4b1e373d419.png?v=1782749449,1,"",false,,,,,,,,,,,,,,,,,kg,,,active
lakeer-necklace,,,,,,,,,,,,,,,,,,,,,,,,,,,,,,,,https://cdn.shopify.com/s/files/1/0982/4505/0690/files/IMG-0172.png?v=1782749449,2,"",,,,,,,,,,,,,,,,,,,,,
untitled-mar6_19-04,Love Nail Bracelet,"<p data-start=""798"" data-end=""947"">• 18K gold plated stainless steel<br data-start=""831"" data-end=""834"">• Anti-tarnish &amp; water-resistant<br data-start=""866"" data-end=""869"">• Elegant flower design<br data-start=""892"" data-end=""895"">• Thin and lightweight bracelet<br data-start=""926"" data-end=""929"">• Regular size fit</p>
<h3 data-start=""949"" data-end=""967"">Jewellery Care</h3>
<p data-start=""968"" data-end=""1100"">To maintain the shine and lustre, avoid contact with <strong data-start=""1021"" data-end=""1062"">perfume, lotions, and harsh chemicals</strong>. Store it in a pouch when not in use.</p>",House of Yeashi,Apparel & Accessories > Jewelry > Bracelets,Bracelet,bracelet,false,Title,Default Title,,,,,,,,,0.0,shopify,1,deny,manual,500.00,,true,true,,,,,,https://cdn.shopify.com/s/files/1/0982/4505/0690/files/756D24D9-3F01-41D6-A66D-F2ECE7A7EA55.jpg?v=1772804218,1,"",false,,,,,cuff,golden,,gold-plated; stainless-steel,,,,,,,,,kg,,,draft
cartier-diamond-nail-studded,Love Diamond Nail Bracelet,"<p data-start=""798"" data-end=""947"">• 18K gold plated stainless steel<br data-start=""831"" data-end=""834"">• Anti-tarnish &amp; water-resistant<br data-start=""866"" data-end=""869"">• Elegant flower design<br data-start=""892"" data-end=""895"">• Thin and lightweight bracelet<br data-start=""926"" data-end=""929"">• Regular size fit</p>
<h3 data-start=""949"" data-end=""967"">Jewellery Care</h3>
<p data-start=""968"" data-end=""1100"">To maintain the shine and lustre, avoid contact with <strong data-start=""1021"" data-end=""1062"">perfume, lotions, and harsh chemicals</strong>. Store it in a pouch when not in use.</p>",House of Yeashi,Apparel & Accessories > Jewelry > Bracelets,Bracelet,bracelet,true,Title,Default Title,,,,,,,,,0.0,shopify,0,deny,manual,450.00,700.00,true,true,,,,,,https://cdn.shopify.com/s/files/1/0982/4505/0690/files/B8C144F4-49C1-4E87-B383-03E707DD6A07.jpg?v=1772803983,1,"",false,,,,,,golden; geometric,,,,,,,,,,,kg,,140.00,active
cartier-diamond-nail-studded,,,,,,,,,,,,,,,,,,,,,,,,,,,,,,,,https://cdn.shopify.com/s/files/1/0982/4505/0690/files/12A4A577-25B0-4577-A103-5168B92FC10B.jpg?v=1772803982,2,"",,,,,,,,,,,,,,,,,,,,,
twilight-wrap-bracelet,Twilight Wrap Bracelet,"<p data-start=""798"" data-end=""947"">• 18K gold plated stainless steel<br data-start=""831"" data-end=""834"">• Anti-tarnish &amp; water-resistant<br data-start=""866"" data-end=""869"">• Elegant flower design<br data-start=""892"" data-end=""895"">• Thin and lightweight bracelet<br data-start=""926"" data-end=""929"">• Regular size fit</p>
<h3 data-start=""949"" data-end=""967"">Jewellery Care</h3>
<p data-start=""968"" data-end=""1100"">To maintain the shine and lustre, avoid contact with <strong data-start=""1021"" data-end=""1062"">perfume, lotions, and harsh chemicals</strong>. Store it in a pouch when not in use.</p>",House of Yeashi,Apparel & Accessories > Jewelry > Bracelets,"","bangle, bracelet, Jewellery",true,Title,Default Title,,,,,,,,,0.0,shopify,1,deny,manual,575.00,,true,true,,,,,,https://cdn.shopify.com/s/files/1/0982/4505/0690/files/BCAA9428-1004-4BDA-95BF-587DA6118730.jpg?v=1772803839,1,"",false,,,,,,,,,,,,,,,,,kg,,176.00,active
twilight-wrap-bracelet,,,,,,,,,,,,,,,,,,,,,,,,,,,,,,,,https://cdn.shopify.com/s/files/1/0982/4505/0690/files/E44B2189-7258-4EC0-AB80-C34BEAA67191.jpg?v=1772803839,2,"",,,,,,,,,,,,,,,,,,,,,
swarovski-oval-crystal-bracelet,Swarovski Oval Crystal Bracelet,"<p data-start=""798"" data-end=""947"">• 18K gold plated stainless steel<br data-start=""831"" data-end=""834"">• Anti-tarnish &amp; water-resistant<br data-start=""866"" data-end=""869"">• Elegant flower design<br data-start=""892"" data-end=""895"">• Thin and lightweight bracelet<br data-start=""926"" data-end=""929"">• Regular size fit</p>
<h3 data-start=""949"" data-end=""967"">Jewellery Care</h3>
<p data-start=""968"" data-end=""1100"">To maintain the shine and lustre, avoid contact with <strong data-start=""1021"" data-end=""1062"">perfume, lotions, and harsh chemicals</strong>. Store it in a pouch when not in use.</p>",House of Yeashi,Apparel & Accessories > Jewelry > Bracelets,"","bangle, bracelet, Jewellery",true,Title,Default Title,,,,,,,,,0.0,shopify,0,deny,manual,900.00,,true,true,,,,,,https://cdn.shopify.com/s/files/1/0982/4505/0690/files/0E4B44DE-E633-4FA1-9F08-8C11A42A92A1.jpg?v=1772803580,1,"",false,,,,,,,,,,,,,,,,,kg,,352.00,active
golden-bloom-bracelet,Golden Bloom Bracelet,"<p data-start=""798"" data-end=""947"">• 18K gold plated stainless steel<br data-start=""831"" data-end=""834"">• Anti-tarnish &amp; water-resistant<br data-start=""866"" data-end=""869"">• Elegant flower design<br data-start=""892"" data-end=""895"">• Thin and lightweight bracelet<br data-start=""926"" data-end=""929"">• Regular size fit</p>
<h3 data-section-id=""fkq75s"" data-start=""949"" data-end=""967"">Jewellery Care</h3>
<p data-start=""968"" data-end=""1100"">To maintain the shine and lustre, avoid contact with <strong data-start=""1021"" data-end=""1062"">perfume, lotions, and harsh chemicals</strong>. Store it in a pouch when not in use.</p>",House of Yeashi,Apparel & Accessories > Jewelry > Bracelets,"","",true,Title,Default Title,,,,,,,,,0.0,shopify,1,deny,manual,500.00,,true,true,,,,,"",https://cdn.shopify.com/s/files/1/0982/4505/0690/files/photo-output_55.heic?v=1772802935,1,"",false,,,,adults,beaded; chain,floral; golden; geometric,,gold-plated; stainless-steel,imitation-jewelry; demi-fine-jewellery,,female,,,,,,kg,,145.00,active
cartier-bracelet,Love Baby Size Bracelet,"<p data-start=""998"" data-end=""1163"">• 18K gold plated stainless steel<br data-start=""1043"" data-end=""1046"">• Anti-tarnish &amp; water-resistant<br data-start=""1078"" data-end=""1081"">• Dot design detailing<br data-start=""1103"" data-end=""1106"">• Regular size bracelet<br data-start=""1129"" data-end=""1132"">• Lightweight and comfortable</p>
<p data-start=""1165"" data-end=""1310""><strong data-start=""1165"" data-end=""1183"">Jewellery Care</strong><br data-start=""1183"" data-end=""1186"">Avoid direct contact with <strong data-start=""1212"" data-end=""1253"">perfume, lotions, and harsh chemicals</strong> to maintain its shine. Store in a pouch when not in use.</p>",House of Yeashi,Apparel & Accessories > Jewelry > Bracelets,"","",true,Title,Default Title,,,,,,,,,0.0,shopify,4,deny,manual,450.00,,true,true,,,,,"",https://cdn.shopify.com/s/files/1/0982/4505/0690/files/photo-output_59.heic?v=1772802806,1,"",false,,,,adults,bangle,gold; dots,,gold-plated; stainless-steel,imitation-jewelry; demi-fine-jewellery,,unisex,,,,,,kg,,60.00,active
golden-dots-bracelet,Golden Dots Bracelet,"<p data-start=""998"" data-end=""1163"">• 18K gold plated stainless steel<br data-start=""1043"" data-end=""1046"">• Anti-tarnish &amp; water-resistant<br data-start=""1078"" data-end=""1081"">• Dot design detailing<br data-start=""1103"" data-end=""1106"">• Regular size bracelet<br data-start=""1129"" data-end=""1132"">• Lightweight and comfortable</p>
<p data-start=""1165"" data-end=""1310""><strong data-start=""1165"" data-end=""1183"">Jewellery Care</strong><br data-start=""1183"" data-end=""1186"">Avoid direct contact with <strong data-start=""1212"" data-end=""1253"">perfume, lotions, and harsh chemicals</strong> to maintain its shine. Store in a pouch when not in use.</p>",House of Yeashi,Apparel & Accessories > Jewelry > Bracelets,"","",true,Title,Default Title,,,,,,,,,0.0,shopify,1,deny,manual,575.00,,true,true,,,,,"",https://cdn.shopify.com/s/files/1/0982/4505/0690/files/photo-output_53.heic?v=1772796380,1,"",false,,,,adults,beaded,dots; golden; geometric,,gold-plated; stainless-steel,imitation-jewelry; demi-fine-jewellery,,unisex,,,,,,kg,,,active
luxe-open-cuff-bracelet,Luxe Open Cuff Bracelet,"<p data-start=""615"" data-end=""748"">• 18K gold plated stainless steel<br data-start=""648"" data-end=""651"">• Anti-tarnish &amp; water-resistant<br data-start=""683"" data-end=""686"">• Free size / adjustable fit<br data-start=""714"" data-end=""717"">• Lightweight and comfortable</p>
<p data-start=""770"" data-end=""895"">To maintain the shine and lustre, keep away from <strong data-start=""819"" data-end=""860"">perfume, lotions, and harsh chemicals</strong>. Store in a pouch when not in use.</p>",House of Yeashi,Apparel & Accessories > Jewelry > Bracelets,"","",true,Title,Default Title,,,,,,,,,0.0,shopify,3,deny,manual,500.00,,true,true,,,,,"",https://cdn.shopify.com/s/files/1/0982/4505/0690/files/photo-output_26.heic?v=1772801921,1,"",false,,,,adults,cuff; bangle,gold; geometric,,gold-plated; stainless-steel,imitation-jewelry; demi-fine-jewellery,,female,,,,,,kg,,60.00,active
trinity-heart-bracelet,Trinity Heart Bracelet,"<p data-start=""556"" data-end=""719"">• 18K gold plated stainless steel<br data-start=""601"" data-end=""604"">• Anti-tarnish &amp; water-resistant<br data-start=""636"" data-end=""639"">• Trinity heart design<br data-start=""661"" data-end=""664"">• Regular size bracelet<br data-start=""687"" data-end=""690"">• Lightweight and comfortable</p>
<p data-start=""721"" data-end=""816"">Jewellery Care: Keep away from <strong data-start=""752"" data-end=""793"">perfume, lotions, and harsh chemicals</strong> to maintain its shine.</p>",House of Yeashi,Apparel & Accessories > Jewelry > Bracelets,Bracelet,bracelet,true,Title,Default Title,,,,,,,,,0.0,shopify,1,deny,manual,599.00,,true,true,,,,,"",https://cdn.shopify.com/s/files/1/0982/4505/0690/files/photo-output_03.heic?v=1772796380,1,"",false,,,,adults,beaded,geometric; gold,,gold-plated; stainless-steel,imitation-jewelry; demi-fine-jewellery,,unisex,,,,,,kg,,148.00,active
elara-crystal-bracelet,Elara Crystal Openable Bracelet,"<p data-start=""1336"" data-end=""1504"">• 18K gold plated stainless steel<br data-start=""1381"" data-end=""1384"">• Anti-tarnish &amp; water-resistant<br data-start=""1416"" data-end=""1419"">• Crystal stone detailing<br data-start=""1444"" data-end=""1447"">• Regular size bracelet<br data-start=""1470"" data-end=""1473"">• Lightweight and comfortable</p>
<p data-start=""1506"" data-end=""1652"">Jewellery Care: Avoid direct contact with <strong data-start=""1548"" data-end=""1589"">perfume, lotions, and harsh chemicals</strong> to maintain its shine and store it in a pouch when not in use.</p>",House of Yeashi,Apparel & Accessories > Jewelry > Bracelets,"","",true,Title,Default Title,,,,,,,,,0.0,shopify,1,deny,manual,599.00,,true,true,,,,,"",https://cdn.shopify.com/s/files/1/0982/4505/0690/files/IMG_2425.png?v=1772799476,1,"",false,,,,adults,bangle,geometric; gold,,gold-plated; stainless-steel,imitation-jewelry; demi-fine-jewellery,,female,,,,,,kg,,,active
elara-crystal-bracelet,,,,,,,,,,,,,,,,,,,,,,,,,,,,,,,,https://cdn.shopify.com/s/files/1/0982/4505/0690/files/photo-output_0_6.heic?v=1772801226,2,"",,,,,,,,,,,,,,,,,,,,,
aurora-curve-bracelet,Aurora Curve Bracelet,"<p data-start=""657"" data-end=""827"">• 18K gold plated stainless steel<br data-start=""704"" data-end=""707"">• Anti-tarnish &amp; water-resistant<br data-start=""739"" data-end=""742"">• Elegant stone detailing<br data-start=""767"" data-end=""770"">• Regular size bracelet<br data-start=""793"" data-end=""796"">• Lightweight and comfortable</p>
<p data-start=""829"" data-end=""989""><strong data-start=""829"" data-end=""847"">Jewellery Care</strong><br data-start=""847"" data-end=""850"">To maintain its shine and lustre, avoid direct contact with <strong data-start=""910"" data-end=""951"">perfume, lotions, and harsh chemicals</strong>. Store it in a pouch when not in use.</p>",House of Yeashi,Apparel & Accessories > Jewelry > Bracelets,"","bangle, bracelet, Jewellery",true,Title,Default Title,,,,,,,,,0.0,shopify,0,deny,manual,499.00,,true,true,,,,,"",https://cdn.shopify.com/s/files/1/0982/4505/0690/files/photo-output_23.heic?v=1772796380,1,"",false,,,,adults,bangle,gold; geometric,,gold-plated; stainless-steel,imitation-jewelry; demi-fine-jewellery,,female,,,,,,kg,,,active
aurora-curve-bracelet,,,,,,,,,,,,,,,,,,,,,,,,,,,,,,,,https://cdn.shopify.com/s/files/1/0982/4505/0690/files/photo-output_33.heic?v=1772796380,2,"",,,,,,,,,,,,,,,,,,,,,
luxe-chain-bracelet,Luxe Chain Bracelet,"<div class=""flex flex-col text-sm pb-25"">
<article class=""text-token-text-primary w-full focus:outline-none [--shadow-height:45px] has-data-writing-block:pointer-events-none has-data-writing-block:-mt-(--shadow-height) has-data-writing-block:pt-(--shadow-height) [&amp;:has([data-writing-block])&gt;*]:pointer-events-auto scroll-mt-[calc(var(--header-height)+min(200px,max(70px,20svh)))]"" dir=""auto"" data-turn-id=""request-69aa92e1-dabc-83a3-9e14-024b0a1e0cfe-18"" data-testid=""conversation-turn-62"" data-scroll-anchor=""true"" data-turn=""assistant"" tabindex=""-1"">
<div class=""text-base my-auto mx-auto pb-10 [--thread-content-margin:var(--thread-content-margin-xs,calc(var(--spacing)*4))] @w-sm/main:[--thread-content-margin:var(--thread-content-margin-sm,calc(var(--spacing)*6))] @w-lg/main:[--thread-content-margin:var(--thread-content-margin-lg,calc(var(--spacing)*16))] px-(--thread-content-margin)"">
<div class=""[--thread-content-max-width:40rem] @w-lg/main:[--thread-content-max-width:48rem] mx-auto max-w-(--thread-content-max-width) flex-1 group/turn-messages focus-visible:outline-hidden relative flex w-full min-w-0 flex-col agent-turn"" tabindex=""-1"">
<div class=""flex max-w-full flex-col gap-4 grow"">
<div data-message-author-role=""assistant"" data-message-id=""9ab1c0c9-69ab-4400-8f7a-24f704cf7d90"" dir=""auto"" data-message-model-slug=""gpt-5-3"" class=""min-h-8 text-message relative flex w-full flex-col items-end gap-2 text-start break-words whitespace-normal [.text-message+&amp;]:mt-1"">
<div class=""flex w-full flex-col gap-1 empty:hidden"">
<div class=""markdown prose dark:prose-invert w-full wrap-break-word light markdown-new-styling"">
<p data-start=""1482"" data-end=""1646"">• 18K gold plated stainless steel<br data-start=""1529"" data-end=""1532"">• Anti-tarnish &amp; water-resistant<br data-start=""1588"" data-end=""1591"">• Regular size bracelet<br data-start=""1614"" data-end=""1617"">• Comfortable everyday wear</p>
<p data-start=""1648"" data-end=""1788""><strong data-start=""1648"" data-end=""1666"">Jewellery Care</strong><br data-start=""1666"" data-end=""1669"">Keep away from <strong data-start=""1684"" data-end=""1725"">perfume, lotions, and harsh chemicals</strong> to maintain the shine and store it in a pouch when not in use.</p>
<br>
</div>
</div>
</div>
</div>
<div class=""mt-3 w-full empty:hidden""><br></div>
</div>
</div>
</article>
</div>",House of Yeashi,Apparel & Accessories > Jewelry > Bracelets,"","",true,Title,Default Title,,,,,,,,,0.0,shopify,1,deny,manual,599.00,,true,true,,,,,"",https://cdn.shopify.com/s/files/1/0982/4505/0690/files/photo-output_72.heic?v=1772796381,1,"",false,,,,adults,chain,geometric; gold,,gold-plated; stainless-steel,imitation-jewelry,,unisex,,,,,,kg,,,active
ivory-clover-bracelet-18k-gold-plated-anti-tarnish,Ivory Clover Bracelet | 18K Gold Plated | Anti Tarnish,"<p data-start=""551"" data-end=""717"">• 18K gold plated stainless steel<br data-start=""598"" data-end=""601"">• Anti-tarnish &amp; water-resistant<br data-start=""633"" data-end=""636"">• White clover design<br data-start=""657"" data-end=""660"">• Regular size bracelet<br data-start=""683"" data-end=""686"">• Lightweight and comfortable</p>
<p data-start=""719"" data-end=""881""><strong data-start=""719"" data-end=""737"">Jewellery Care</strong><br data-start=""737"" data-end=""740"">To maintain the shine and lustre, keep the bracelet away from <strong data-start=""802"" data-end=""843"">perfume, lotions, and harsh chemicals</strong>. Store it in a pouch when not in use.</p>",House of Yeashi,Apparel & Accessories > Jewelry > Bracelets,"","bangle, bracelet, Jewellery",true,Title,Default Title,,,,,,,,,0.0,shopify,0,deny,manual,599.00,,true,true,,,,,"",https://cdn.shopify.com/s/files/1/0982/4505/0690/files/photo-output_14.heic?v=1772796380,1,"",false,,,,all-ages,beaded,gold,,stainless-steel; gold-plated,imitation-jewelry; demi-fine-jewellery,,female,,,,,,kg,,155.00,active
ivory-clover-bracelet-18k-gold-plated-anti-tarnish,,,,,,,,,,,,,,,,,,,,,,,,,,,,,,,,https://cdn.shopify.com/s/files/1/0982/4505/0690/files/photo-output_34.heic?v=1772796380,2,"",,,,,,,,,,,,,,,,,,,,,
celeste-white-stone-bracelet,Celeste White Stone Bracelet,"<p data-start=""660"" data-end=""836"">• 18K gold plated stainless steel<br data-start=""707"" data-end=""710"">• Anti-tarnish &amp; water-resistant<br data-start=""742"" data-end=""745"">• Sparkling white stone design<br data-start=""775"" data-end=""778"">• Free-size adjustable fit<br data-start=""804"" data-end=""807"">• Lightweight &amp; comfortable</p>
<p data-start=""838"" data-end=""984""><strong data-start=""838"" data-end=""856"">Jewellery Care</strong><br data-start=""856"" data-end=""859"">To maintain the shine and lustre, keep away from <strong data-start=""908"" data-end=""949"">perfume, lotions, and harsh chemicals</strong>. Store in a pouch when not in use.</p>",House of Yeashi,Apparel & Accessories > Jewelry > Bracelets,"","",true,Title,Default Title,,,,,,,,,0.0,shopify,0,deny,manual,499.00,,true,true,,,,,"",https://cdn.shopify.com/s/files/1/0982/4505/0690/files/photo-output_12.heic?v=1772796380,1,"",false,,,,adults,beaded; chain,white; gold,,gold-plated; stainless-steel,imitation-jewelry,,female,,,,,,kg,,155.00,active
celeste-white-stone-bracelet,,,,,,,,,,,,,,,,,,,,,,,,,,,,,,,,https://cdn.shopify.com/s/files/1/0982/4505/0690/files/photo-output_22.heic?v=1772796380,2,"",,,,,,,,,,,,,,,,,,,,,
divine-glow-kada-bracelet,Divine Glow Kada Bracelet,"<p data-start=""560"" data-end=""702"">• 18K gold plated stainless steel<br data-start=""607"" data-end=""610"">• Anti-tarnish &amp; water-resistant<br data-start=""642"" data-end=""645"">• Regular size bracelet<br data-start=""668"" data-end=""671"">• Lightweight and comfortable</p>
<p data-start=""704"" data-end=""864""><strong data-start=""704"" data-end=""722"">Jewellery Care</strong><br data-start=""722"" data-end=""725"">To maintain the shine and lustre, avoid direct contact with <strong data-start=""785"" data-end=""826"">perfume, lotions, and harsh chemicals</strong>. Store it in a pouch when not in use.</p>",House of Yeashi,Apparel & Accessories > Jewelry > Bracelets,"","",true,Title,Default Title,,,,,,,,,0.0,shopify,1,deny,manual,450.00,,true,true,,,,,"",https://cdn.shopify.com/s/files/1/0982/4505/0690/files/photo-output_4.heic?v=1772796380,1,"",false,,,,adults,bangle,gold; geometric,,gold-plated; stainless-steel,imitation-jewelry,,unisex,,,,,,kg,,,active
divine-glow-kada-bracelet,,,,,,,,,,,,,,,,,,,,,,,,,,,,,,,,https://cdn.shopify.com/s/files/1/0982/4505/0690/files/photo-output_58.heic?v=1772796382,2,"",,,,,,,,,,,,,,,,,,,,,
emerald-glow-free-size-bangle,Emerald Glow Free Size Bangle,"<p data-start=""689"" data-end=""836"">• 18K gold plated stainless steel<br data-start=""736"" data-end=""739"">• Anti-tarnish &amp; water-resistant<br data-start=""771"" data-end=""774"">• Free size / adjustable fit<br data-start=""802"" data-end=""805"">• Lightweight and comfortable</p>
<p data-start=""838"" data-end=""995""><strong data-start=""838"" data-end=""856"">Jewellery Care</strong><br data-start=""856"" data-end=""859"">To maintain the shine and lustre, avoid direct contact with <strong data-start=""919"" data-end=""960"">perfume, lotions, and harsh chemicals</strong>. Store in a pouch when not in use.</p>",House of Yeashi,Apparel & Accessories > Jewelry > Bracelets,"","bangle, bracelet",true,Title,Default Title,,,,,,,,,0.0,shopify,1,deny,manual,550.00,,true,true,,,,,"",https://cdn.shopify.com/s/files/1/0982/4505/0690/files/photo-output_32.heic?v=1772796380,1,"",false,,,,adults,bangle,gold,,gold-plated; stainless-steel,imitation-jewelry,,female,,,,,,kg,,201.00,active
emerald-glow-free-size-bangle,,,,,,,,,,,,,,,,,,,,,,,,,,,,,,,,https://cdn.shopify.com/s/files/1/0982/4505/0690/files/photo-output_52.heic?v=1772796380,2,"",,,,,,,,,,,,,,,,,,,,,
emerald-glow-free-size-bangle,,,,,,,,,,,,,,,,,,,,,,,,,,,,,,,,https://cdn.shopify.com/s/files/1/0982/4505/0690/files/photo-output_42.heic?v=1772796380,3,"",,,,,,,,,,,,,,,,,,,,,
athena-bangle-bracelet,Athena Bangle Bracelet,"<p data-start=""454"" data-end=""598"">18K gold plated stainless steel<br data-start=""501"" data-end=""504"">• Anti-tarnish &amp; water-resistant<br data-start=""536"" data-end=""539"">• Lightweight and comfortable<br data-start=""568"" data-end=""571"">• Minimal everyday design</p>
<p data-start=""600"" data-end=""778""><strong data-start=""600"" data-end=""618"">Jewellery Care</strong><br data-start=""618"" data-end=""621"">To maintain the shine and lustre of your jewellery, avoid direct contact with <strong data-start=""699"" data-end=""740"">perfume, lotions, and harsh chemicals</strong>. Store it in a pouch when not in use.</p>",House of Yeashi,Apparel & Accessories > Jewelry > Bracelets,"","bangle, bracelet",true,Title,Default Title,,,,,,,,,0.0,shopify,0,deny,manual,499.00,,true,true,,,,,"",https://cdn.shopify.com/s/files/1/0982/4505/0690/files/photo-output_0.heic?v=1772796381,1,"",false,,,,all-ages,bangle,gold,,stainless-steel; gold-plated,imitation-jewelry; demi-fine-jewellery,,unisex,,,,,,kg,,148.00,active
athena-bangle-bracelet,,,,,,,,,,,,,,,,,,,,,,,,,,,,,,,,https://cdn.shopify.com/s/files/1/0982/4505/0690/files/photo-output_28.heic?v=1772796380,2,"",,,,,,,,,,,,,,,,,,,,,
evil-eye-protection-bracelet,Evil Eye Protection Bracelet,"<p data-start=""253"" data-end=""500"">A minimal <strong data-start=""297"" data-end=""325"">evil eye bangle bracelet</strong> designed to add elegance and positive energy to your everyday look. Crafted from <strong data-start=""407"" data-end=""439"">anti-tarnish stainless steel</strong>, it is durable, lightweight, and comfortable for daily wear.</p>
<p data-start=""502"" data-end=""624"">The classic evil eye symbol is believed to <strong data-start=""545"" data-end=""623"">protect from negative energy while adding a subtle statement to your style</strong>.</p>
<p data-start=""626"" data-end=""762""><strong data-start=""626"" data-end=""637"">Details</strong><br data-start=""637"" data-end=""640"">• Anti-tarnish &amp; water-resistant<br data-start=""672"" data-end=""675"">• Premium stainless steel<br data-start=""700"" data-end=""703"">• Lightweight and comfortable<br data-start=""732"" data-end=""735"">• Minimal everyday design</p>",House of Yeashi,Apparel & Accessories > Jewelry > Bracelets,"","",true,Title,Default Title,,,,,,,,,0.0,shopify,1,deny,manual,499.00,,true,true,,,,,"",https://cdn.shopify.com/s/files/1/0982/4505/0690/files/photo-output_88.heic?v=1772795690,1,"",false,,,,adults,bangle,gold; geometric,,stainless-steel,imitation-jewelry; demi-fine-jewellery,,unisex,,,,,,kg,,150.00,active
evil-eye-protection-bracelet,,,,,,,,,,,,,,,,,,,,,,,,,,,,,,,,https://cdn.shopify.com/s/files/1/0982/4505/0690/files/photo-output_8.heic?v=1772795690,2,"",,,,,,,,,,,,,,,,,,,,,
evil-eye-protection-bracelet,,,,,,,,,,,,,,,,,,,,,,,,,,,,,,,,https://cdn.shopify.com/s/files/1/0982/4505/0690/files/photo-output_02.heic?v=1772795690,3,"",,,,,,,,,,,,,,,,,,,,,
untitled-jan30_22-15,Untitled Jan30_22:14,,House of Yeashi,,"","",false,Title,Default Title,,,,,,,,,0.0,shopify,0,deny,manual,0.00,,true,true,,,,,,,,,false,,,,,,,,,,,,,,,,,kg,,,draft
untitled-jan30_22-14,Untitled Jan30_22:14,,House of Yeashi,,"","",false,Title,Default Title,,,,,,,,,0.0,shopify,0,deny,manual,0.00,,true,true,,,,,,,,,false,,,,,,,,,,,,,,,,,kg,,,draft
the-sparkling-heart-earrings,The Sparkling Heart Earrings,"",House of Yeashi,Apparel & Accessories > Jewelry > Earrings,"",Earrings,true,Title,Default Title,,,,,,,,,0.0,shopify,1,deny,manual,450.00,,true,true,,,,,,https://cdn.shopify.com/s/files/1/0982/4505/0690/files/F9FA62A3-74E1-429B-BCE3-C6507218653C.png?v=1769791371,1,"",false,,,,,,,,stainless-steel; gold-plated,,,,,,,,,kg,,88.00,active
flower-hoops,Flower Hoops,"",House of Yeashi,Apparel & Accessories > Jewelry > Earrings,"","",true,Title,Default Title,,,,,,,,,0.0,shopify,1,deny,manual,430.00,,true,true,,,,,,https://cdn.shopify.com/s/files/1/0982/4505/0690/files/87001FD7-C64F-4B1D-BCCA-F3BE57658DD2.png?v=1769791207,1,"",false,,,,,,,,,,,,,,,,,kg,,140.00,active
untitled-jan30_22-09,Untitled Jan30_22:09,,House of Yeashi,,"","",false,Title,Default Title,,,,,,,,,0.0,shopify,0,deny,manual,0.00,,true,true,,,,,,,,,false,,,,,,,,,,,,,,,,,kg,,,draft
untitled-jan22_13-08,Untitled Jan22_13:08,,House of Yeashi,Apparel & Accessories > Jewelry > Rings,"","",false,Title,Default Title,,,,,,,,,0.0,shopify,0,deny,manual,54.00,,true,true,,,,,,,,,false,,,,,,,,,,,,,,,,,kg,,275.00,draft
crystal-heart-shaped-studs,Crystal heart shaped studs,"<p data-start=""1460"" data-end=""1618"">Classic heart studs featuring a radiant crystal centerpiece. 18k gold plated, anti-tarnish, and hypoallergenic—ideal for everyday elegance.</p>",House of Yeashi,Apparel & Accessories > Jewelry > Earrings,Earring,"BOGO, Earrings",true,Title,Default Title,,,,,,,,,0.0,shopify,4,deny,manual,450.00,,true,true,,,,,,https://cdn.shopify.com/s/files/1/0982/4505/0690/files/F39691C1-E0E0-4D0B-9D4C-1B2D1945334D.png?v=1768975966,1,"",false,,,,,,golden,stud,,,,,,,,,,kg,,88.00,active
crystal-heart-shaped-studs,,,,,,,,,,,,,,,,,,,,,,,,,,,,,,,,https://cdn.shopify.com/s/files/1/0982/4505/0690/files/D13031F3-1ACE-4ED4-8D4C-DCCAF10044B2.png?v=1768975966,2,"",,,,,,,,,,,,,,,,,,,,,
pearl-heart-stud,Pearl Heart Stud,"<p data-start=""1048"" data-end=""1201"">Charming heart-shaped studs finished with a soft pearl drop. 18k gold plated, anti-tarnish, and hypoallergenic—perfect for daily wear.</p>",House of Yeashi,Apparel & Accessories > Jewelry > Earrings,Earring,Earrings,true,Title,Default Title,,,,,,,,,0.0,shopify,0,deny,manual,450.00,500.00,true,true,,,,,,https://cdn.shopify.com/s/files/1/0982/4505/0690/files/2C27A397-31E2-4CF6-AED9-3C20E4F8A197.png?v=1768975966,1,"",false,,,,,,golden; white,,gold-plated; stainless-steel,,,,,,,,,kg,,105.00,active
pearl-heart-stud,,,,,,,,,,,,,,,,,,,,,,,,,,,,,,,,https://cdn.shopify.com/s/files/1/0982/4505/0690/files/F792AB0F-8DEB-4DAE-B981-3953785A22D9.png?v=1768975966,2,"",,,,,,,,,,,,,,,,,,,,,
crystal-solitaire-ring,Crystal solitaire ring,"<p><span>Classic yet contemporary, these gold heart drop hoops feature a crystal-filled centre that catches the light beautifully. Lightweight, anti-tarnish, and easy to style—your go-to earrings for everyday glam.</span></p>",House of Yeashi,Apparel & Accessories > Jewelry > Rings,"","",true,Title,Default Title,,,,,,,,,0.0,shopify,2,deny,manual,350.00,,true,true,,,,,,https://cdn.shopify.com/s/files/1/0982/4505/0690/files/AC5C2ECD-1D59-4699-891B-A0AA8EF92DD2.png?v=1768975966,1,"",false,,,,,,,,,,,,,,,,,kg,,66.00,active
crystal-solitaire-ring,,,,,,,,,,,,,,,,,,,,,,,,,,,,,,,,https://cdn.shopify.com/s/files/1/0982/4505/0690/files/393D201F-5B1D-4F8B-9A4C-0ABBA6647EDD.png?v=1768975965,2,"",,,,,,,,,,,,,,,,,,,,,
heart-of-gold-hoops,Heart of Gold hoops,"<p><span>Classic yet contemporary, these gold heart drop hoops feature a crystal-filled centre that catches the light beautifully. Lightweight, anti-tarnish, and easy to style—your go-to earrings for everyday glam.</span></p>",House of Yeashi,Apparel & Accessories > Jewelry > Earrings,"","",true,Title,Default Title,,,,,,,,,0.0,shopify,0,deny,manual,350.00,0.00,true,true,,,,,,https://cdn.shopify.com/s/files/1/0982/4505/0690/files/IMG-9491.png?v=1768975689,1,"",false,,,,,,,,,,,,,,,,,kg,,118.00,active
star-drop-earrings,Star Drop Earrings,"<p data-start=""570"" data-end=""808"">Inspired by starlit skies, these minimal gold hoops feature a dainty star outline paired with a shimmering stone drop. Lightweight, anti-tarnish, and easy to style. It is your go-to pair for day-to-night elegance.</p>",House of Yeashi,Apparel & Accessories > Jewelry > Earrings,"",Jewellery,true,Title,Default Title,,,,,,,,,0.0,shopify,1,deny,manual,450.00,,true,true,,,,,,https://cdn.shopify.com/s/files/1/0982/4505/0690/files/IMG-9489.png?v=1768975376,1,"",false,,,,,,,,,,,,,,,,,kg,,138.00,active
star-drop-earrings,,,,,,,,,,,,,,,,,,,,,,,,,,,,,,,,https://cdn.shopify.com/s/files/1/0982/4505/0690/files/IMG-9490.png?v=1768975376,2,"",,,,,,,,,,,,,,,,,,,,,
forever-heart-tennis-bracelet,Forever Heart Tennis Bracelet,"<p data-start=""473"" data-end=""672"">18k gold-plated tennis bracelet featuring a sparkling heart-shaped centre stone. Anti-tarnish, hypoallergenic, and lightweight — perfect for everyday wear or gifting.</p>",House of Yeashi,Apparel & Accessories > Jewelry,"","",true,Title,Default Title,,,,,,,,,0.0,shopify,3,deny,manual,499.00,,true,true,,,,,,https://cdn.shopify.com/s/files/1/0982/4505/0690/files/IMG-9473.png?v=1768909051,1,"",false,,,,,,,,,,,,,,,,,kg,,116.00,active
forever-heart-tennis-bracelet,,,,,,,,,,,,,,,,,,,,,,,,,,,,,,,,https://cdn.shopify.com/s/files/1/0982/4505/0690/files/IMG-9474.png?v=1768909051,2,"",,,,,,,,,,,,,,,,,,,,,
untitled-jan20_16-21,Untitled Jan20_16:21,,House of Yeashi,,"","",false,Title,Default Title,,,,,,,,,0.0,shopify,0,deny,manual,0.00,,true,true,,,,,,,,,false,,,,,,,,,,,,,,,,,kg,,,draft
white-heart-necklace,White Heart Necklace,"<p data-start=""546"" data-end=""713"">18k gold-plated white heart pendant with an anti-tarnish finish. Hypoallergenic, lightweight, and perfect for everyday wear or gifting.</p>",House of Yeashi,Apparel & Accessories > Jewelry,Necklace,Jewellery,true,Title,Default Title,,,,,,,,,0.0,shopify,5,deny,manual,500.00,550.00,true,true,,,,,,https://cdn.shopify.com/s/files/1/0982/4505/0690/files/AC447F4C-BA07-4793-A3FD-E151EF1ECB14.jpg?v=1781096369,1,"",false,,,,,,,,,,,unisex,,,,,,kg,,118.00,active
white-heart-necklace,,,,,,,,,,,,,,,,,,,,,,,,,,,,,,,,https://cdn.shopify.com/s/files/1/0982/4505/0690/files/C8BA59A9-0400-4292-9C34-069F5E45DAE4.jpg?v=1781096368,2,"",,,,,,,,,,,,,,,,,,,,,
white-heart-necklace,,,,,,,,,,,,,,,,,,,,,,,,,,,,,,,,https://cdn.shopify.com/s/files/1/0982/4505/0690/files/IMG-9471.png?v=1768906121,3,"",,,,,,,,,,,,,,,,,,,,,
white-heart-necklace,,,,,,,,,,,,,,,,,,,,,,,,,,,,,,,,https://cdn.shopify.com/s/files/1/0982/4505/0690/files/IMG-9472.png?v=1768906142,4,"",,,,,,,,,,,,,,,,,,,,,
crystal-heart-grace-necklace,Crystal Heart Grace Necklace,"<p><span>Delicate and full of charm, the Crystal Heart Grace Necklace features a sparkling heart-shaped stone framed in a textured gold finish. Suspended from a fine gold-plated chain with subtle bead detailing, this piece adds a soft glow to your everyday look.</span></p>",House of Yeashi,Apparel & Accessories > Jewelry > Necklaces,"","",true,Title,Default Title,,,,,,,,,0.0,shopify,3,deny,manual,400.00,,true,true,,,,,,https://cdn.shopify.com/s/files/1/0982/4505/0690/files/IMG-7240.png?v=1767115284,1,"",false,,,,adults,,gold,,gold-plated,imitation-jewelry,pendant,female; unisex,,,,,,kg,,118.00,active
crystal-heart-grace-necklace,,,,,,,,,,,,,,,,,,,,,,,,,,,,,,,,https://cdn.shopify.com/s/files/1/0982/4505/0690/files/IMG-7241.png?v=1767115284,2,"",,,,,,,,,,,,,,,,,,,,,
untitled-dec30_22-50,Untitled Dec30_22:50,,House of Yeashi,,"","",false,Title,Default Title,,,,,,,,,0.0,shopify,0,deny,manual,0.00,,true,true,,,,,,,,,false,,,,,,,,,,,,,,,,,kg,,,draft
solitaire-necklace,Solitaire Necklace,"<p><span>A timeless solitaire necklace designed to add just the right hint of sparkle. This Necklace features a delicate gold-plated chain paired with a brilliant round stone that sits gracefully on the neckline. Minimal, elegant, and effortlessly chic — perfect for everyday wear or subtle layering.</span></p>",House of Yeashi,Apparel & Accessories > Jewelry > Necklaces,"","Jewellery, Solitaire",true,Title,Default Title,,,,,,,,,0.0,shopify,3,deny,manual,475.00,,true,true,,,,,,https://cdn.shopify.com/s/files/1/0982/4505/0690/files/IMG-0156.png?v=1782744928,1,"",false,,,,adults,,gold,,gold-plated,imitation-jewelry,,female; unisex,,,,,,kg,,82.00,active
solitaire-necklace,,,,,,,,,,,,,,,,,,,,,,,,,,,,,,,,https://cdn.shopify.com/s/files/1/0982/4505/0690/files/IMG-0157.png?v=1782745419,2,"",,,,,,,,,,,,,,,,,,,,,
trinity-of-love-necklace,Trinity of Love Necklace,"<p data-start=""598"" data-end=""805"">A delicate necklace featuring <strong data-start=""628"" data-end=""659"">three polished heart charms</strong> strung on a sleek gold-tone chain. Designed to sit gracefully at the collarbone, this piece adds a soft, romantic touch to your everyday style.</p>
<p data-start=""807"" data-end=""901"">Perfect for layering or wearing solo, it’s a timeless symbol of love, balance, and connection.</p>
<p data-start=""903"" data-end=""915""> </p>",House of Yeashi,Apparel & Accessories > Jewelry > Necklaces,Necklace,Necklace,true,Title,Default Title,,,,,,,,,0.0,shopify,2,deny,manual,450.00,,true,true,,,,,,https://cdn.shopify.com/s/files/1/0982/4505/0690/files/4415A8FF-3B36-4AD0-8CCC-4FC08AA5FA36.png?v=1767111680,1,"",false,,,,,,,,,,,,,,,,,kg,,,active
trinity-of-love-necklace,,,,,,,,,,,,,,,,,,,,,,,,,,,,,,,,https://cdn.shopify.com/s/files/1/0982/4505/0690/files/97D7329F-69B4-4738-9AF7-CE98F14FD0B1.png?v=1767111680,2,"",,,,,,,,,,,,,,,,,,,,,
untitled-dec30_21-51,Untitled Dec30_21:51,,House of Yeashi,,"","",false,Title,Default Title,,,,,,,,,0.0,shopify,0,deny,manual,0.00,,true,true,,,,,,,,,false,,,,,,,,,,,,,,,,,kg,,,draft
heart-of-gold,Heart of Gold,"<p data-start=""520"" data-end=""812"">Crafted with <strong data-start=""533"" data-end=""553"">18k gold plating</strong> over high-quality stainless steel, it offers a rich finish that’s <strong data-start=""620"" data-end=""668"">anti-tarnish, waterproof, and hypoallergenic</strong>, making it perfect for daily wear. The oversized heart adds just the right amount of drama—whether styled solo or layered with delicate chains.</p>",House of Yeashi,Apparel & Accessories > Jewelry > Necklaces,"","",true,Title,Default Title,,,,,,,,,0.0,shopify,0,deny,manual,400.00,,true,true,,,,,,https://cdn.shopify.com/s/files/1/0982/4505/0690/files/0E066229-F121-4567-9DDA-4B5B08EF97FE.png?v=1767110937,1,"",false,,,,,,,,,,,,,,,,,kg,,106.00,active
heart-of-gold,,,,,,,,,,,,,,,,,,,,,,,,,,,,,,,,https://cdn.shopify.com/s/files/1/0982/4505/0690/files/4F077576-E3EE-49A0-B07F-E345581174D4.png?v=1767110937,2,"",,,,,,,,,,,,,,,,,,,,,
no-nazar-glass-bangle,No Nazar Glass Bangle,"<p><span>A glass bangle designed to protect, style, and shine.</span></p>",House of Yeashi,Apparel & Accessories > Jewelry > Bracelets,"","",true,Title,Default Title,,,,,,,,,0.0,shopify,1,deny,manual,499.00,0.00,true,true,,,,,,https://cdn.shopify.com/s/files/1/0982/4505/0690/files/IMG-7181.png?v=1767079795,1,"",false,,,,,,,,,,,,,,,,,kg,,150.00,active
no-nazar-glass-bangle,,,,,,,,,,,,,,,,,,,,,,,,,,,,,,,,https://cdn.shopify.com/s/files/1/0982/4505/0690/files/IMG-7182.png?v=1767079795,2,"",,,,,,,,,,,,,,,,,,,,,
celeste-hex-bangle,Celeste Hex Bangle,"<p><span>A solid </span><strong data-start=""219"" data-end=""241"">wood-finish bangle</strong><span> detailed with metal studs for a bold yet versatile look. Style it layered for a statement or wear it alone for effortless everyday glam. A regular-size bangle that pairs easily with almost anything and adds just the right touch of extra edge.</span></p>
<p> </p>
<h3 data-start=""104"" data-end=""127"">Care Instructions</h3>
<ul data-start=""128"" data-end=""330"">
<li data-start=""128"" data-end=""181"">
<p data-start=""130"" data-end=""181"">Avoid contact with water, perfumes, and chemicals</p>
</li>
<li data-start=""182"" data-end=""222"">
<p data-start=""184"" data-end=""222"">Store in a dry place when not in use</p>
</li>
<li data-start=""223"" data-end=""272"">
<p data-start=""225"" data-end=""272"">Wipe gently with a soft, dry cloth after wear</p>
</li>
<li data-start=""273"" data-end=""330"">
<p data-start=""275"" data-end=""330"">Handle with care to maintain the finish and detailing</p>
</li>
</ul>",House of Yeashi,Apparel & Accessories > Jewelry > Bracelets,"","",true,Title,Default Title,,,,,,,,,0.0,shopify,0,deny,manual,275.00,500.00,true,true,,,,,,https://cdn.shopify.com/s/files/1/0982/4505/0690/files/FA53121C-38DE-4E72-B6A9-CD3B92232029.png?v=1767077740,1,"",false,,,,,,,,,,,unisex,,,,,,kg,,120.00,active
celeste-hex-bangle,,,,,,,,,,,,,,,,,,,,,,,,,,,,,,,,https://cdn.shopify.com/s/files/1/0982/4505/0690/files/7CF36886-1FB5-46D0-8E64-FEE45E89BF10.png?v=1767077740,2,"",,,,,,,,,,,,,,,,,,,,,
celeste-hex-bangle,,,,,,,,,,,,,,,,,,,,,,,,,,,,,,,,https://cdn.shopify.com/s/files/1/0982/4505/0690/files/EDEBB0EF-B105-414E-B321-1499451A454C.png?v=1767077740,3,"",,,,,,,,,,,,,,,,,,,,,
star-wood-cuff,Star wood cuff,"<p data-start=""211"" data-end=""484"">A solid <strong data-start=""219"" data-end=""241"">wood-finish bangle</strong> detailed with metal studs for a bold yet versatile look. Style it layered for a statement or wear it alone for effortless everyday glam. A regular-size bangle that pairs easily with almost anything and adds just the right touch of extra edge.</p>
<h3 data-start=""104"" data-end=""127"">
<br>Care Instructions</h3>
<ul data-start=""128"" data-end=""330"">
<li data-start=""128"" data-end=""181"">
<p data-start=""130"" data-end=""181"">Avoid contact with water, perfumes, and chemicals</p>
</li>
<li data-start=""182"" data-end=""222"">
<p data-start=""184"" data-end=""222"">Store in a dry place when not in use</p>
</li>
<li data-start=""223"" data-end=""272"">
<p data-start=""225"" data-end=""272"">Wipe gently with a soft, dry cloth after wear</p>
</li>
<li data-start=""273"" data-end=""330"">
<p data-start=""275"" data-end=""330"">Handle with care to maintain the finish and detailing</p>
</li>
</ul>",House of Yeashi,Apparel & Accessories > Jewelry > Bracelets,"","",true,Title,Default Title,,,,,,,,,0.0,shopify,0,deny,manual,250.00,400.00,true,true,,,,,,https://cdn.shopify.com/s/files/1/0982/4505/0690/files/0CF9E20E-82F1-4BEA-AE54-41187CC25CD0.png?v=1767075619,1,"",false,,,,,,gold,,,,,,,,,,,kg,,108.00,active
star-wood-cuff,,,,,,,,,,,,,,,,,,,,,,,,,,,,,,,,https://cdn.shopify.com/s/files/1/0982/4505/0690/files/IMG-7154.png?v=1767075141,2,"",,,,,,,,,,,,,,,,,,,,,
star-wood-cuff,,,,,,,,,,,,,,,,,,,,,,,,,,,,,,,,https://cdn.shopify.com/s/files/1/0982/4505/0690/files/IMG-7153.png?v=1767075140,3,"",,,,,,,,,,,,,,,,,,,,,
ivory-stud-wood-cuff,Ivory Wood Cuff Bangle,"<p data-start=""211"" data-end=""484"">A solid <strong data-start=""219"" data-end=""241"">wood-finish bangle</strong> detailed with metal studs for a bold yet versatile look. Style it layered for a statement or wear it alone for effortless everyday glam. A regular-size bangle that pairs easily with almost anything and adds just the right touch of extra edge.</p>
<h3 data-start=""104"" data-end=""127"">Care Instructions</h3>
<ul data-start=""128"" data-end=""330"">
<li data-start=""128"" data-end=""181"">
<p data-start=""130"" data-end=""181"">Avoid contact with water, perfumes, and chemicals</p>
</li>
<li data-start=""182"" data-end=""222"">
<p data-start=""184"" data-end=""222"">Store in a dry place when not in use</p>
</li>
<li data-start=""223"" data-end=""272"">
<p data-start=""225"" data-end=""272"">Wipe gently with a soft, dry cloth after wear</p>
</li>
<li data-start=""273"" data-end=""330"">
<p data-start=""275"" data-end=""330"">Handle with care to maintain the finish and detailing</p>
</li>
</ul>",House of Yeashi,Apparel & Accessories > Jewelry > Bracelets,"","",true,Title,Default Title,,,,,,,,,0.0,shopify,0,deny,manual,350.00,550.00,true,true,,,,,,https://cdn.shopify.com/s/files/1/0982/4505/0690/files/IMG-7152.png?v=1767075140,1,"",false,,,,,,,,,,,,,,,,,kg,,168.00,active
ivory-stud-wood-cuff,,,,,,,,,,,,,,,,,,,,,,,,,,,,,,,,https://cdn.shopify.com/s/files/1/0982/4505/0690/files/IMG-7155.png?v=1767075183,2,"",,,,,,,,,,,,,,,,,,,,,
ivory-stud-wood-cuff,,,,,,,,,,,,,,,,,,,,,,,,,,,,,,,,https://cdn.shopify.com/s/files/1/0982/4505/0690/files/IMG-7153.png?v=1767075140,3,"",,,,,,,,,,,,,,,,,,,,,
untitled-dec29_21-47,Untitled Dec29_21:47,,House of Yeashi,,"","",false,Title,Default Title,,,,,,,,,0.0,shopify,0,deny,manual,0.00,,true,true,,,,,,,,,false,,,,,,,,,,,,,,,,,kg,,,draft
bloom-sutra-1,Bloom Sutra Mangalsutra,"<p data-start=""1412"" data-end=""1604"">Bloom Sutra is inspired by soft beginnings and everlasting bonds. Designed with a dainty charm and classic black beads, it’s perfect for women who love understated jewellery with deep meaning.</p>
<p data-start=""1606"" data-end=""1803"">Lightweight and easy to wear, this mangalsutra is ideal for daily use—work, casual outings, or special moments. Its versatile design makes it a beautiful match for kurtas, dresses, and even shirts.</p>
<p data-start=""1805"" data-end=""1852"">🌸 Where tradition blooms into modern elegance.</p>",House of Yeashi,Apparel & Accessories > Jewelry > Necklaces,Mangalsutra,Magalsutra,true,Title,Default Title,,,,,,,,,0.0,shopify,0,deny,manual,250.00,550.00,true,true,,,,,,https://cdn.shopify.com/s/files/1/0982/4505/0690/files/IMG-7995.png?v=1779814025,1,"",false,,,,,,black,,stainless-steel,,,,,,,,,kg,,60.00,active
untitled-dec29_21-40,Untitled Dec29_21:40,"<p data-start=""1412"" data-end=""1604"">Bloom Sutra is inspired by soft beginnings and everlasting bonds. Designed with a dainty charm and classic black beads, it’s perfect for women who love understated jewellery with deep meaning.</p>
<p data-start=""1606"" data-end=""1803"">Lightweight and easy to wear, this mangalsutra is ideal for daily use—work, casual outings, or special moments. Its versatile design makes it a beautiful match for kurtas, dresses, and even shirts.</p>
<p data-start=""1805"" data-end=""1852"">🌸 Where tradition blooms into modern elegance.</p>",House of Yeashi,Apparel & Accessories > Jewelry > Necklaces,"","",false,Title,Default Title,,,,,,,,,0.0,shopify,0,deny,manual,349.00,,true,true,,,,,,,,,false,,,,,,,,,,,,,,,,,kg,,,draft
bloom-sutra,Anaya Sutra,"<p data-start=""312"" data-end=""550"">Anaya Sutra is designed for the modern woman who believes in subtle elegance. Featuring delicate black beads paired with a radiant circular charm, this necklace blends tradition with a contemporary silhouette—perfect for everyday wear.</p>
<p data-start=""552"" data-end=""773"">Lightweight, minimal, and effortlessly graceful, it sits beautifully on the neckline and complements both ethnic and western outfits. Crafted for comfort, it’s ideal for long hours and daily styling without feeling heavy.</p>
<p data-start=""775"" data-end=""825"">✨ A timeless symbol of love, redesigned for today.</p>",House of Yeashi,Apparel & Accessories > Jewelry > Necklaces,"","",true,Title,Default Title,,,,,,,,,0.0,shopify,1,deny,manual,375.00,,true,true,,,,,,https://cdn.shopify.com/s/files/1/0982/4505/0690/files/IMG-7997.png?v=1779814382,1,"",false,,,,,,,,,,,,,,,,,kg,,,active
untitled-dec27_13-37,Untitled Dec27_13:37,,House of Yeashi,,"","",false,Title,Default Title,,,,,,,,,0.0,shopify,0,deny,manual,0.00,,true,true,,,,,,,,,false,,,,,,,,,,,,,,,,,kg,,,draft
untitled-dec27_12-31,Untitled Dec27_12:31,,My Store,,"","",false,Title,Default Title,,,,,,,,,0.0,shopify,0,deny,manual,0.00,,true,true,,,,,,,,,false,,,,,,,,,,,,,,,,,kg,,,draft
no-nazar-earrings,No Nazar Earrings,"<p>Designed to protect your vibe while elevating your look.<br data-start=""256"" data-end=""259"">• Hypoallergenic – gentle on sensitive ears<br data-start=""302"" data-end=""305"">• Anti-tarnish finish for long-lasting shine<br data-start=""349"" data-end=""352"">• 18K gold-plated for that luxe glow</p>
<p>Care tip: Keep away from perfumes, water &amp; harsh chemicals to maintain the finish.</p>",My Store,Apparel & Accessories > Jewelry > Earrings,"","",true,Title,Default Title,,,,,,,,,0.0,shopify,1,deny,manual,550.00,,false,true,,,,,"",https://cdn.shopify.com/s/files/1/0982/4505/0690/files/image-27-12-25-12-19.png?v=1766818264,1,"",false,,,'1,all-ages,,geometric,dangle,gold-plated,demi-fine-jewellery,,female; male; unisex,,,,,,kg,,,active
